id,name,force,vitesse,agilite,vitalite,level,traits,weapons
potato_0,"Potato #0",13,17,19,20,5,"Appel de l'Astico-Roi|Gardien de Racine|Peau de Cuir","Capsule"
potato_1,"Potato #1",11,17,17,15,5,"Coup Critique|Esprit Saboteur","Cutter|Cure-dent|Fourchette"
potato_2,"Potato #2",7,24,21,15,5,"Sprint Final|Essaim de Moucherons|Appel de l'Astico-Roi","Capsule|Cutter"
potato_3,"Potato #3",18,15,14,15,5,"Berzerk|Contre-attaque","Cure-dent|Cutter|Fourchette"
potato_4,"Potato #4",11,21,17,18,5,"Peau de Cuir","Cutter|Cure-dent|Capsule"
potato_5,"Potato #5",9,19,24,10,5,"Peau de Cuir|Sprint Final|Gardien de Racine|Contre-attaque",""
potato_6,"Potato #6",17,16,16,11,5,"Sprint Final|Appel de l'Astico-Roi|Coup Critique|Peau de Cuir","Fourchette|Cure-dent"
potato_7,"Potato #7",19,18,14,11,5,"Appel de l'Astico-Roi|Sprint Final","Cutter|Cure-dent"
potato_8,"Potato #8",16,28,10,12,5,"Essaim de Moucherons","Fourchette"
potato_9,"Potato #9",23,11,17,16,5,"Gardien de Racine|Coup Critique|Peau de Cuir|Contre-attaque","Capsule"
potato_10,"Potato #10",10,19,19,14,5,"Peau de Cuir|Contre-attaque|Berzerk|Esprit Saboteur|Sprint Final|Coup Critique",""
potato_11,"Potato #11",22,16,18,6,5,"Peau de Cuir|Coup Critique|Sprint Final","Cutter"
potato_12,"Potato #12",16,20,15,18,5,"","Cure-dent|Capsule"
potato_13,"Potato #13",21,18,9,12,5,"Essaim de Moucherons|Coup Critique|Contre-attaque|Gardien de Racine",""
potato_14,"Potato #14",16,24,13,11,5,"Appel de l'Astico-Roi|Gardien de Racine|Sprint Final|Peau de Cuir|Coup Critique",""
potato_15,"Potato #15",21,9,8,28,5,"Sprint Final",""
potato_16,"Potato #16",21,12,7,25,5,"Coup Critique|Berzerk","Cure-dent|Capsule"
potato_17,"Potato #17",10,15,23,16,5,"Sprint Final|Berzerk|Peau de Cuir",""
potato_18,"Potato #18",11,9,23,19,5,"Sprint Final|Gardien de Racine|Coup Critique",""
potato_19,"Potato #19",20,13,17,16,5,"Peau de Cuir","Cure-dent"
potato_20,"Potato #20",16,14,13,26,5,"Appel de l'Astico-Roi|Sprint Final","Capsule"
potato_21,"Potato #21",15,22,13,14,5,"Sprint Final|Essaim de Moucherons|Peau de Cuir|Berzerk",""
potato_22,"Potato #22",12,11,27,10,5,"Berzerk|Contre-attaque","Fourchette|Cure-dent"
potato_23,"Potato #23",9,15,13,25,5,"Essaim de Moucherons|Gardien de Racine","Fourchette|Cutter"
potato_24,"Potato #24",25,6,13,23,5,"Contre-attaque","Capsule|Fourchette|Cutter"
potato_25,"Potato #25",20,7,16,19,5,"Peau de Cuir|Essaim de Moucherons","Cure-dent|Fourchette"
potato_26,"Potato #26",23,11,16,14,5,"Appel de l'Astico-Roi","Fourchette"
potato_27,"Potato #27",11,27,21,10,5,"Contre-attaque","Fourchette|Capsule"
potato_28,"Potato #28",22,5,19,16,5,"Esprit Saboteur|Berzerk|Peau de Cuir","Cure-dent"
potato_29,"Potato #29",20,15,21,6,5,"Essaim de Moucherons|Contre-attaque|Peau de Cuir|Sprint Final","Cutter"
potato_30,"Potato #30",23,12,14,20,5,"Esprit Saboteur|Berzerk|Essaim de Moucherons","Capsule"
potato_31,"Potato #31",9,19,15,21,5,"Contre-attaque|Gardien de Racine","Cutter|Cure-dent"
potato_32,"Potato #32",17,18,11,19,5,"Sprint Final|Peau de Cuir|Appel de l'Astico-Roi","Fourchette|Capsule"
potato_33,"Potato #33",27,17,12,8,5,"Sprint Final","Cutter"
potato_34,"Potato #34",20,18,11,20,5,"Coup Critique","Capsule|Cutter"
potato_35,"Potato #35",8,19,18,19,5,"Essaim de Moucherons|Peau de Cuir|Contre-attaque",""
potato_36,"Potato #36",16,14,16,16,5,"Esprit Saboteur|Peau de Cuir","Cure-dent"
potato_37,"Potato #37",17,13,23,13,5,"Appel de l'Astico-Roi",""
potato_38,"Potato #38",18,9,19,16,5,"Peau de Cuir|Coup Critique","Fourchette"
potato_39,"Potato #39",7,30,16,14,5,"Contre-attaque|Sprint Final|Coup Critique|Peau de Cuir","Capsule"
potato_40,"Potato #40",18,9,7,28,5,"Peau de Cuir|Contre-attaque|Essaim de Moucherons","Fourchette"
potato_41,"Potato #41",16,12,18,16,5,"Appel de l'Astico-Roi","Cure-dent|Fourchette"
potato_42,"Potato #42",26,15,6,15,5,"Appel de l'Astico-Roi|Sprint Final|Coup Critique",""
potato_43,"Potato #43",13,18,8,28,5,"Coup Critique|Contre-attaque|Peau de Cuir","Capsule"
potato_44,"Potato #44",11,7,23,23,5,"Berzerk","Cure-dent"
potato_45,"Potato #45",12,20,5,23,5,"Peau de Cuir|Essaim de Moucherons|Berzerk","Cure-dent|Fourchette"
potato_46,"Potato #46",10,26,18,10,5,"Esprit Saboteur|Sprint Final","Fourchette"
potato_47,"Potato #47",8,10,16,35,5,"Peau de Cuir|Berzerk","Capsule"
potato_48,"Potato #48",8,20,24,15,5,"Coup Critique|Gardien de Racine","Capsule|Fourchette"
potato_49,"Potato #49",16,21,11,16,5,"Sprint Final|Essaim de Moucherons|Esprit Saboteur","Cutter"
potato_50,"Potato #50",26,8,22,11,5,"Appel de l'Astico-Roi|Peau de Cuir","Capsule|Cutter"
potato_51,"Potato #51",21,7,15,21,5,"Gardien de Racine|Appel de l'Astico-Roi","Cure-dent"
potato_52,"Potato #52",27,5,20,10,5,"Esprit Saboteur|Essaim de Moucherons","Cure-dent"
potato_53,"Potato #53",18,16,13,15,5,"Sprint Final|Appel de l'Astico-Roi","Cutter"
potato_54,"Potato #54",20,18,17,14,5,"Essaim de Moucherons|Sprint Final","Capsule"
potato_55,"Potato #55",8,18,13,26,5,"Gardien de Racine|Coup Critique","Cure-dent|Fourchette|Capsule"
potato_56,"Potato #56",25,12,13,14,5,"Contre-attaque|Peau de Cuir",""
potato_57,"Potato #57",15,12,18,15,5,"Coup Critique|Peau de Cuir","Cutter|Fourchette"
potato_58,"Potato #58",17,17,12,19,5,"Peau de Cuir|Essaim de Moucherons|Coup Critique","Fourchette|Capsule|Cutter"
potato_59,"Potato #59",22,7,25,8,5,"Berzerk|Gardien de Racine|Contre-attaque","Fourchette"
potato_60,"Potato #60",13,18,13,25,5,"Gardien de Racine|Coup Critique|Peau de Cuir","Capsule"
potato_61,"Potato #61",20,13,17,15,5,"Appel de l'Astico-Roi|Berzerk|Esprit Saboteur|Peau de Cuir","Capsule"
potato_62,"Potato #62",26,9,13,17,5,"Esprit Saboteur|Appel de l'Astico-Roi|Sprint Final|Berzerk|Peau de Cuir","Capsule"
potato_63,"Potato #63",21,19,12,12,5,"Berzerk|Sprint Final","Cure-dent"
potato_64,"Potato #64",31,18,7,8,5,"Contre-attaque","Fourchette|Cure-dent"
potato_65,"Potato #65",22,9,12,19,5,"Gardien de Racine|Sprint Final|Contre-attaque",""
potato_66,"Potato #66",23,19,13,7,5,"Gardien de Racine|Essaim de Moucherons|Appel de l'Astico-Roi|Sprint Final","Fourchette"
potato_67,"Potato #67",23,8,16,22,5,"Sprint Final|Contre-attaque|Appel de l'Astico-Roi","Capsule"
potato_68,"Potato #68",23,22,5,12,5,"Peau de Cuir|Esprit Saboteur|Appel de l'Astico-Roi|Gardien de Racine","Cure-dent"
potato_69,"Potato #69",24,10,13,13,5,"Gardien de Racine|Coup Critique|Sprint Final|Berzerk","Fourchette"
potato_70,"Potato #70",23,13,11,19,5,"Berzerk|Peau de Cuir",""
potato_71,"Potato #71",17,15,14,14,5,"Contre-attaque|Coup Critique|Berzerk","Fourchette|Cure-dent"
potato_72,"Potato #72",10,12,23,24,5,"","Capsule|Cutter"
potato_73,"Potato #73",12,15,15,27,5,"Esprit Saboteur","Capsule"
potato_74,"Potato #74",27,8,12,20,5,"Contre-attaque|Essaim de Moucherons","Capsule|Cure-dent"
potato_75,"Potato #75",8,7,27,18,5,"Gardien de Racine|Appel de l'Astico-Roi|Berzerk","Fourchette|Cutter"
potato_76,"Potato #76",8,22,20,16,5,"Berzerk|Appel de l'Astico-Roi|Sprint Final",""
potato_77,"Potato #77",12,12,21,15,5,"Gardien de Racine|Sprint Final|Coup Critique","Fourchette|Cutter"
potato_78,"Potato #78",12,17,18,19,5,"Contre-attaque|Appel de l'Astico-Roi",""
potato_79,"Potato #79",8,7,26,21,5,"Berzerk|Esprit Saboteur","Cure-dent|Cutter"
potato_80,"Potato #80",18,19,13,16,5,"Gardien de Racine","Cure-dent"
potato_81,"Potato #81",13,18,15,14,5,"Berzerk|Coup Critique|Sprint Final","Cure-dent"
potato_82,"Potato #82",17,14,17,14,5,"Gardien de Racine|Esprit Saboteur|Contre-attaque|Coup Critique","Cure-dent"
potato_83,"Potato #83",16,21,7,23,5,"Contre-attaque","Fourchette|Capsule"
potato_84,"Potato #84",8,29,21,11,5,"Appel de l'Astico-Roi|Gardien de Racine","Cutter|Capsule"
potato_85,"Potato #85",14,12,19,17,5,"Contre-attaque|Appel de l'Astico-Roi|Sprint Final|Essaim de Moucherons",""
potato_86,"Potato #86",39,8,7,8,5,"Peau de Cuir|Essaim de Moucherons","Cure-dent"
potato_87,"Potato #87",15,23,19,9,5,"Contre-attaque",""
potato_88,"Potato #88",9,18,13,24,5,"Essaim de Moucherons|Esprit Saboteur|Berzerk",""
potato_89,"Potato #89",14,22,10,18,5,"Peau de Cuir","Cure-dent|Cutter"
potato_90,"Potato #90",21,18,17,6,5,"Esprit Saboteur|Contre-attaque","Fourchette|Cutter"
potato_91,"Potato #91",15,19,11,22,5,"Gardien de Racine|Esprit Saboteur|Peau de Cuir","Capsule"
potato_92,"Potato #92",17,17,14,19,5,"Essaim de Moucherons|Coup Critique|Peau de Cuir","Cutter|Capsule"
potato_93,"Potato #93",14,11,11,31,5,"Appel de l'Astico-Roi|Contre-attaque","Cure-dent|Capsule"
potato_94,"Potato #94",20,24,6,14,5,"Essaim de Moucherons|Contre-attaque|Peau de Cuir|Berzerk|Sprint Final",""
potato_95,"Potato #95",15,11,28,8,5,"Coup Critique|Appel de l'Astico-Roi|Essaim de Moucherons","Fourchette|Cure-dent"
potato_96,"Potato #96",13,9,27,15,5,"Berzerk|Sprint Final",""
potato_97,"Potato #97",15,9,19,26,5,"Gardien de Racine","Cure-dent|Capsule"
potato_98,"Potato #98",21,15,18,10,5,"Berzerk|Esprit Saboteur|Coup Critique|Appel de l'Astico-Roi",""
potato_99,"Potato #99",6,12,22,27,5,"Contre-attaque|Appel de l'Astico-Roi|Peau de Cuir|Coup Critique","Capsule"
potato_100,"Potato #100",14,6,23,19,5,"Sprint Final|Peau de Cuir","Cure-dent|Cutter"
potato_101,"Potato #101",12,20,11,22,5,"Berzerk|Peau de Cuir","Capsule|Cure-dent"
potato_102,"Potato #102",9,26,15,15,5,"Contre-attaque","Cutter|Capsule|Fourchette"
potato_103,"Potato #103",8,21,8,28,5,"Sprint Final|Essaim de Moucherons|Peau de Cuir|Esprit Saboteur|Appel de l'Astico-Roi","Capsule"
potato_104,"Potato #104",18,19,9,16,5,"Esprit Saboteur|Sprint Final|Coup Critique",""
potato_105,"Potato #105",28,7,16,14,5,"Coup Critique|Essaim de Moucherons","Fourchette|Capsule"
potato_106,"Potato #106",22,11,20,9,5,"Contre-attaque|Sprint Final|Berzerk|Coup Critique",""
potato_107,"Potato #107",11,19,12,18,5,"Contre-attaque|Esprit Saboteur|Sprint Final","Cure-dent"
potato_108,"Potato #108",19,15,12,18,5,"Gardien de Racine|Appel de l'Astico-Roi","Fourchette"
potato_109,"Potato #109",7,18,18,21,5,"Coup Critique|Appel de l'Astico-Roi","Cutter|Fourchette"
potato_110,"Potato #110",16,17,19,14,5,"Berzerk",""
potato_111,"Potato #111",12,10,26,18,5,"Berzerk|Sprint Final",""
potato_112,"Potato #112",21,7,20,14,5,"Berzerk|Contre-attaque|Sprint Final","Cutter|Fourchette"
potato_113,"Potato #113",11,23,12,20,5,"","Cutter"
potato_114,"Potato #114",8,21,8,25,5,"Sprint Final|Coup Critique","Fourchette|Cutter|Cure-dent"
potato_115,"Potato #115",9,22,8,28,5,"","Cure-dent|Capsule|Fourchette"
potato_116,"Potato #116",18,17,14,17,5,"","Cure-dent"
potato_117,"Potato #117",12,20,13,22,5,"Gardien de Racine|Berzerk|Peau de Cuir","Capsule|Cure-dent"
potato_118,"Potato #118",12,20,14,14,5,"Contre-attaque","Cutter|Cure-dent|Fourchette"
potato_119,"Potato #119",23,9,14,14,5,"Appel de l'Astico-Roi|Esprit Saboteur","Cutter|Cure-dent|Fourchette"
potato_120,"Potato #120",18,6,19,21,5,"Berzerk|Contre-attaque","Fourchette"
potato_121,"Potato #121",9,19,15,19,5,"Esprit Saboteur|Coup Critique|Berzerk|Gardien de Racine","Cure-dent"
potato_122,"Potato #122",17,21,8,16,5,"Berzerk|Esprit Saboteur|Sprint Final","Fourchette"
potato_123,"Potato #123",14,8,19,19,5,"Sprint Final|Gardien de Racine","Fourchette|Cure-dent"
potato_124,"Potato #124",9,23,24,8,5,"Sprint Final|Appel de l'Astico-Roi","Cure-dent"
potato_125,"Potato #125",10,22,21,9,5,"Coup Critique|Peau de Cuir|Appel de l'Astico-Roi",""
potato_126,"Potato #126",12,10,27,13,5,"Gardien de Racine|Essaim de Moucherons","Cutter|Cure-dent"
potato_127,"Potato #127",17,10,19,18,5,"Coup Critique|Contre-attaque","Cure-dent"
potato_128,"Potato #128",13,17,18,16,5,"Contre-attaque|Berzerk|Esprit Saboteur",""
potato_129,"Potato #129",17,17,12,25,5,"Peau de Cuir|Coup Critique","Capsule"
potato_130,"Potato #130",30,12,12,10,5,"Appel de l'Astico-Roi","Cure-dent"
potato_131,"Potato #131",15,19,16,14,5,"Sprint Final|Contre-attaque|Gardien de Racine",""
potato_132,"Potato #132",21,7,15,22,5,"Gardien de Racine|Essaim de Moucherons|Sprint Final","Cutter|Capsule"
potato_133,"Potato #133",12,11,21,18,5,"Sprint Final|Coup Critique|Peau de Cuir|Gardien de Racine","Cure-dent"
potato_134,"Potato #134",22,20,9,11,5,"Berzerk|Coup Critique|Essaim de Moucherons|Esprit Saboteur",""
potato_135,"Potato #135",12,19,20,9,5,"Gardien de Racine|Contre-attaque|Sprint Final","Fourchette|Cutter"
potato_136,"Potato #136",10,24,11,19,5,"Coup Critique|Essaim de Moucherons",""
potato_137,"Potato #137",12,22,18,12,5,"Essaim de Moucherons","Cutter|Fourchette"
potato_138,"Potato #138",19,12,20,16,5,"Coup Critique|Esprit Saboteur","Fourchette|Capsule"
potato_139,"Potato #139",23,14,7,18,5,"Sprint Final|Contre-attaque","Fourchette"
potato_140,"Potato #140",24,20,14,8,5,"Gardien de Racine","Cutter"
potato_141,"Potato #141",14,25,17,6,5,"Appel de l'Astico-Roi|Contre-attaque|Esprit Saboteur","Cure-dent"
potato_142,"Potato #142",29,13,14,6,5,"Gardien de Racine","Cure-dent|Cutter"
potato_143,"Potato #143",16,16,22,14,5,"Peau de Cuir",""
potato_144,"Potato #144",20,21,10,13,5,"Contre-attaque|Coup Critique|Sprint Final",""
potato_145,"Potato #145",24,7,18,13,5,"Coup Critique","Cutter|Cure-dent"
potato_146,"Potato #146",14,16,15,20,5,"Gardien de Racine|Berzerk|Peau de Cuir","Cutter|Capsule"
potato_147,"Potato #147",12,14,20,18,5,"Contre-attaque|Gardien de Racine","Fourchette"
potato_148,"Potato #148",20,8,18,21,5,"Coup Critique","Cutter|Capsule|Cure-dent"
potato_149,"Potato #149",39,9,7,7,5,"Berzerk|Gardien de Racine|Sprint Final","Fourchette"
potato_150,"Potato #150",14,15,12,19,5,"Appel de l'Astico-Roi|Essaim de Moucherons|Peau de Cuir","Cure-dent|Fourchette"
potato_151,"Potato #151",20,16,5,26,5,"Berzerk|Coup Critique","Capsule"
potato_152,"Potato #152",13,16,17,14,5,"Coup Critique|Essaim de Moucherons|Berzerk|Peau de Cuir","Fourchette"
potato_153,"Potato #153",17,5,13,29,5,"Coup Critique","Cure-dent"
potato_154,"Potato #154",15,16,13,21,5,"","Cutter|Cure-dent|Fourchette|Capsule"
potato_155,"Potato #155",14,18,6,26,5,"Coup Critique|Contre-attaque|Gardien de Racine","Fourchette"
potato_156,"Potato #156",14,24,15,13,5,"Esprit Saboteur|Coup Critique|Berzerk",""
potato_157,"Potato #157",18,14,15,20,5,"Esprit Saboteur","Capsule|Cure-dent"
potato_158,"Potato #158",9,9,35,14,5,"Berzerk","Fourchette|Cure-dent|Capsule"
potato_159,"Potato #159",7,17,24,14,5,"Esprit Saboteur|Peau de Cuir|Gardien de Racine|Essaim de Moucherons",""
potato_160,"Potato #160",18,15,7,24,5,"Esprit Saboteur|Coup Critique|Contre-attaque",""
potato_161,"Potato #161",18,8,19,22,5,"Gardien de Racine","Capsule|Cure-dent"
potato_162,"Potato #162",15,16,26,12,5,"Essaim de Moucherons","Cutter|Capsule"
potato_163,"Potato #163",25,20,5,12,5,"Berzerk|Essaim de Moucherons|Esprit Saboteur","Cure-dent"
potato_164,"Potato #164",20,22,15,9,5,"Berzerk|Sprint Final|Essaim de Moucherons",""
potato_165,"Potato #165",10,5,38,9,5,"Coup Critique|Essaim de Moucherons|Gardien de Racine","Fourchette"
potato_166,"Potato #166",22,10,21,11,5,"Berzerk","Cutter"
potato_167,"Potato #167",16,8,20,23,5,"Essaim de Moucherons","Cure-dent|Capsule"
potato_168,"Potato #168",12,9,32,13,5,"","Cure-dent"
potato_169,"Potato #169",11,15,20,21,5,"Esprit Saboteur|Gardien de Racine","Cutter|Capsule"
potato_170,"Potato #170",25,18,12,9,5,"Coup Critique|Peau de Cuir|Esprit Saboteur|Essaim de Moucherons|Berzerk",""
potato_171,"Potato #171",13,19,9,21,5,"Contre-attaque|Sprint Final|Peau de Cuir",""
potato_172,"Potato #172",17,11,15,24,5,"Coup Critique|Sprint Final|Appel de l'Astico-Roi|Berzerk","Capsule"
potato_173,"Potato #173",30,17,9,8,5,"Sprint Final","Fourchette|Cutter"
potato_174,"Potato #174",9,19,17,15,5,"Essaim de Moucherons|Gardien de Racine","Cutter|Cure-dent|Fourchette"
potato_175,"Potato #175",17,15,18,19,5,"Contre-attaque|Coup Critique","Capsule"
potato_176,"Potato #176",21,24,5,19,5,"","Capsule|Cutter"
potato_177,"Potato #177",10,20,14,21,5,"Contre-attaque","Fourchette|Capsule|Cure-dent"
potato_178,"Potato #178",19,14,17,15,5,"Peau de Cuir|Esprit Saboteur|Essaim de Moucherons","Capsule"
potato_179,"Potato #179",20,13,11,20,5,"Esprit Saboteur|Sprint Final",""
potato_180,"Potato #180",16,19,18,14,5,"Appel de l'Astico-Roi|Gardien de Racine|Contre-attaque|Peau de Cuir","Capsule"
potato_181,"Potato #181",19,7,20,16,5,"Berzerk|Appel de l'Astico-Roi|Peau de Cuir|Sprint Final|Esprit Saboteur",""
potato_182,"Potato #182",12,24,18,10,5,"Sprint Final","Fourchette"
potato_183,"Potato #183",6,23,8,30,5,"Berzerk|Coup Critique","Cutter|Capsule"
potato_184,"Potato #184",6,22,20,21,5,"Peau de Cuir","Capsule"
potato_185,"Potato #185",20,16,5,26,5,"","Cure-dent|Capsule|Cutter"
potato_186,"Potato #186",26,17,9,12,5,"Esprit Saboteur|Essaim de Moucherons",""
potato_187,"Potato #187",9,10,18,23,5,"Essaim de Moucherons|Esprit Saboteur","Cutter|Cure-dent"
potato_188,"Potato #188",25,14,15,15,5,"Sprint Final|Esprit Saboteur","Capsule"
potato_189,"Potato #189",12,20,7,30,5,"Gardien de Racine|Essaim de Moucherons","Capsule"
potato_190,"Potato #190",14,10,22,16,5,"Sprint Final","Fourchette|Cure-dent|Cutter"
potato_191,"Potato #191",23,13,12,16,5,"Peau de Cuir|Contre-attaque|Appel de l'Astico-Roi",""
potato_192,"Potato #192",11,13,15,26,5,"Berzerk|Contre-attaque|Esprit Saboteur|Sprint Final","Capsule"
potato_193,"Potato #193",21,13,12,18,5,"Essaim de Moucherons|Berzerk|Coup Critique","Fourchette"
potato_194,"Potato #194",17,17,12,25,5,"","Capsule"
potato_195,"Potato #195",19,17,15,16,5,"Coup Critique|Gardien de Racine|Essaim de Moucherons","Capsule"
potato_196,"Potato #196",15,23,12,19,5,"Sprint Final","Fourchette|Capsule"
potato_197,"Potato #197",19,13,12,22,5,"Coup Critique",""
potato_198,"Potato #198",12,16,16,16,5,"Essaim de Moucherons|Contre-attaque","Cure-dent|Cutter"
potato_199,"Potato #199",17,13,18,14,5,"Coup Critique|Peau de Cuir|Appel de l'Astico-Roi","Cutter"
potato_200,"Potato #200",12,13,18,19,5,"Gardien de Racine|Coup Critique|Sprint Final","Cure-dent"
potato_201,"Potato #201",18,21,10,15,5,"Contre-attaque|Esprit Saboteur|Coup Critique",""
potato_202,"Potato #202",9,18,26,9,5,"Peau de Cuir|Berzerk|Gardien de Racine",""
potato_203,"Potato #203",29,12,20,5,5,"Sprint Final|Esprit Saboteur",""
potato_204,"Potato #204",22,21,6,15,5,"Esprit Saboteur|Contre-attaque",""
potato_205,"Potato #205",23,18,8,13,5,"Esprit Saboteur|Berzerk|Peau de Cuir|Appel de l'Astico-Roi","Cure-dent"
potato_206,"Potato #206",18,26,7,20,5,"Essaim de Moucherons","Capsule"
potato_207,"Potato #207",19,18,9,18,5,"Coup Critique","Cure-dent|Fourchette"
potato_208,"Potato #208",24,9,17,14,5,"Coup Critique","Cutter"
potato_209,"Potato #209",9,11,22,22,5,"Peau de Cuir|Esprit Saboteur","Cure-dent"
potato_210,"Potato #210",16,13,23,12,5,"Contre-attaque","Fourchette|Cure-dent"
potato_211,"Potato #211",21,11,13,17,5,"Appel de l'Astico-Roi|Gardien de Racine","Cure-dent|Cutter"
potato_212,"Potato #212",19,17,15,15,5,"Gardien de Racine|Appel de l'Astico-Roi",""
potato_213,"Potato #213",24,6,20,12,5,"Appel de l'Astico-Roi|Coup Critique","Fourchette|Cutter"
potato_214,"Potato #214",9,21,17,22,5,"Esprit Saboteur","Capsule"
potato_215,"Potato #215",30,9,8,17,5,"Essaim de Moucherons|Contre-attaque","Fourchette"
potato_216,"Potato #216",14,19,7,27,5,"","Cutter|Capsule|Fourchette"
potato_217,"Potato #217",9,22,24,10,5,"Peau de Cuir|Appel de l'Astico-Roi","Cutter|Cure-dent|Fourchette|Capsule"
potato_218,"Potato #218",9,19,18,23,5,"Essaim de Moucherons","Capsule"
potato_219,"Potato #219",23,17,8,21,5,"Esprit Saboteur|Coup Critique|Peau de Cuir","Capsule|Fourchette"
potato_220,"Potato #220",12,17,21,17,5,"Gardien de Racine|Esprit Saboteur|Contre-attaque","Capsule|Cure-dent"
potato_221,"Potato #221",14,12,16,18,5,"Sprint Final|Berzerk","Cure-dent|Cutter|Fourchette"
potato_222,"Potato #222",12,17,21,10,5,"Contre-attaque|Essaim de Moucherons","Cure-dent|Fourchette"
potato_223,"Potato #223",27,13,12,13,5,"Appel de l'Astico-Roi|Peau de Cuir","Cutter|Capsule|Fourchette|Cure-dent"
potato_224,"Potato #224",16,20,19,10,5,"Contre-attaque|Berzerk","Cutter|Capsule"
potato_225,"Potato #225",10,20,20,10,5,"Berzerk|Contre-attaque","Fourchette|Cure-dent"
potato_226,"Potato #226",18,11,20,18,5,"","Capsule|Cure-dent|Fourchette"
potato_227,"Potato #227",16,11,13,24,5,"Peau de Cuir|Essaim de Moucherons|Coup Critique|Berzerk|Sprint Final",""
potato_228,"Potato #228",9,18,11,26,5,"Sprint Final","Fourchette|Cure-dent"
potato_229,"Potato #229",15,18,22,12,5,"Berzerk|Essaim de Moucherons|Gardien de Racine|Peau de Cuir","Capsule"
potato_230,"Potato #230",16,10,17,23,5,"Contre-attaque",""
potato_231,"Potato #231",20,14,11,17,5,"Appel de l'Astico-Roi|Coup Critique|Contre-attaque|Sprint Final","Cutter"
potato_232,"Potato #232",12,10,18,27,5,"Gardien de Racine|Peau de Cuir|Appel de l'Astico-Roi","Cure-dent|Capsule"
potato_233,"Potato #233",18,18,10,16,5,"Peau de Cuir","Cutter|Fourchette|Cure-dent"
potato_234,"Potato #234",18,15,20,11,5,"Berzerk","Cure-dent"
potato_235,"Potato #235",14,15,9,24,5,"Esprit Saboteur|Sprint Final|Berzerk","Cutter"
potato_236,"Potato #236",11,9,19,25,5,"Essaim de Moucherons","Fourchette|Cutter"
potato_237,"Potato #237",18,16,11,22,5,"Gardien de Racine","Capsule|Cutter"
potato_238,"Potato #238",15,28,8,15,5,"Coup Critique|Berzerk",""
potato_239,"Potato #239",25,25,5,5,5,"Contre-attaque|Peau de Cuir|Gardien de Racine","Cure-dent"
potato_240,"Potato #240",18,17,12,22,5,"Berzerk","Capsule|Fourchette"
potato_241,"Potato #241",19,22,8,13,5,"Essaim de Moucherons|Coup Critique|Contre-attaque","Cure-dent|Cutter"
potato_242,"Potato #242",21,17,15,12,5,"Sprint Final","Cutter|Cure-dent|Capsule"
potato_243,"Potato #243",7,22,12,19,5,"Coup Critique|Peau de Cuir|Esprit Saboteur","Cure-dent"
potato_244,"Potato #244",23,6,14,19,5,"Esprit Saboteur","Cutter|Fourchette"
potato_245,"Potato #245",18,19,24,10,5,"","Capsule"
potato_246,"Potato #246",8,17,15,25,5,"Peau de Cuir|Contre-attaque|Coup Critique|Esprit Saboteur","Capsule"
potato_247,"Potato #247",24,12,17,11,5,"Essaim de Moucherons","Cutter"
potato_248,"Potato #248",23,12,12,19,5,"Gardien de Racine|Berzerk|Coup Critique",""
potato_249,"Potato #249",23,13,13,13,5,"Appel de l'Astico-Roi|Esprit Saboteur|Essaim de Moucherons|Coup Critique","Fourchette"
potato_250,"Potato #250",14,29,11,6,5,"Coup Critique|Appel de l'Astico-Roi|Peau de Cuir|Berzerk",""
potato_251,"Potato #251",29,15,15,5,5,"Peau de Cuir|Appel de l'Astico-Roi","Fourchette|Cure-dent"
potato_252,"Potato #252",16,26,10,13,5,"Peau de Cuir|Gardien de Racine|Berzerk","Capsule|Cure-dent|Fourchette"
potato_253,"Potato #253",11,20,13,18,5,"Peau de Cuir|Essaim de Moucherons|Gardien de Racine|Appel de l'Astico-Roi","Cutter"
potato_254,"Potato #254",22,20,17,5,5,"","Cure-dent|Fourchette"
potato_255,"Potato #255",20,11,11,25,5,"Peau de Cuir","Cure-dent|Capsule|Cutter"
potato_256,"Potato #256",16,16,16,17,5,"","Cure-dent|Fourchette|Cutter|Capsule"
potato_257,"Potato #257",19,17,16,8,5,"Appel de l'Astico-Roi|Essaim de Moucherons","Fourchette|Cure-dent|Cutter"
potato_258,"Potato #258",10,16,19,19,5,"Coup Critique","Cutter"
potato_259,"Potato #259",20,17,12,15,5,"Contre-attaque|Appel de l'Astico-Roi","Cure-dent"
potato_260,"Potato #260",16,16,18,10,5,"Coup Critique|Appel de l'Astico-Roi|Esprit Saboteur|Peau de Cuir|Gardien de Racine|Sprint Final","Cutter"
potato_261,"Potato #261",19,12,19,14,5,"Contre-attaque|Essaim de Moucherons","Cure-dent"
potato_262,"Potato #262",6,27,9,22,5,"Appel de l'Astico-Roi|Berzerk|Contre-attaque",""
potato_263,"Potato #263",14,10,17,23,5,"Contre-attaque","Fourchette"
potato_264,"Potato #264",18,15,11,21,5,"Peau de Cuir|Essaim de Moucherons|Contre-attaque","Capsule"
potato_265,"Potato #265",13,13,16,25,5,"Peau de Cuir|Appel de l'Astico-Roi|Essaim de Moucherons","Capsule"
potato_266,"Potato #266",20,19,12,13,5,"Sprint Final|Essaim de Moucherons|Coup Critique",""
potato_267,"Potato #267",8,17,35,6,5,"","Fourchette"
potato_268,"Potato #268",12,23,17,12,5,"Coup Critique","Fourchette"
potato_269,"Potato #269",16,25,12,13,5,"Sprint Final",""
potato_270,"Potato #270",10,17,20,17,5,"Gardien de Racine","Cure-dent|Fourchette"
potato_271,"Potato #271",15,9,22,19,5,"Sprint Final|Esprit Saboteur","Capsule|Fourchette"
potato_272,"Potato #272",22,11,14,15,5,"Berzerk|Coup Critique|Esprit Saboteur","Cutter"
potato_273,"Potato #273",34,7,12,9,5,"Sprint Final|Esprit Saboteur","Cutter|Fourchette"
potato_274,"Potato #274",18,12,25,7,5,"Peau de Cuir|Contre-attaque","Cutter"
potato_275,"Potato #275",19,13,14,14,5,"Coup Critique|Essaim de Moucherons|Appel de l'Astico-Roi","Cutter|Cure-dent"
potato_276,"Potato #276",20,6,18,16,5,"Esprit Saboteur|Coup Critique|Peau de Cuir","Cutter|Fourchette"
potato_277,"Potato #277",23,14,15,12,5,"Peau de Cuir|Appel de l'Astico-Roi","Cure-dent"
potato_278,"Potato #278",19,21,11,14,5,"Appel de l'Astico-Roi|Coup Critique|Peau de Cuir","Cutter|Capsule|Fourchette|Cure-dent"
potato_279,"Potato #279",11,21,7,28,5,"Appel de l'Astico-Roi","Capsule|Cutter|Cure-dent"
potato_280,"Potato #280",29,10,16,11,5,"Contre-attaque|Berzerk","Cutter"
potato_281,"Potato #281",24,8,9,26,5,"Appel de l'Astico-Roi|Gardien de Racine","Capsule|Fourchette"
potato_282,"Potato #282",16,13,15,21,5,"Berzerk|Peau de Cuir|Contre-attaque|Sprint Final","Capsule|Cure-dent"
potato_283,"Potato #283",23,24,6,16,5,"Peau de Cuir","Capsule"
potato_284,"Potato #284",26,7,15,14,5,"Coup Critique|Peau de Cuir|Contre-attaque|Gardien de Racine","Cutter"
potato_285,"Potato #285",16,8,21,22,5,"Appel de l'Astico-Roi|Sprint Final","Cure-dent|Capsule"
potato_286,"Potato #286",20,16,10,16,5,"Coup Critique|Appel de l'Astico-Roi","Cutter"
potato_287,"Potato #287",20,15,20,7,5,"Berzerk|Gardien de Racine|Contre-attaque|Sprint Final",""
potato_288,"Potato #288",17,12,20,20,5,"Gardien de Racine","Capsule|Cure-dent"
potato_289,"Potato #289",20,20,7,20,5,"Berzerk|Appel de l'Astico-Roi","Cutter|Cure-dent|Capsule"
potato_290,"Potato #290",25,11,15,16,5,"Coup Critique","Capsule|Fourchette|Cutter"
potato_291,"Potato #291",9,33,11,18,5,"Essaim de Moucherons","Capsule"
potato_292,"Potato #292",26,12,8,14,5,"Contre-attaque|Essaim de Moucherons|Esprit Saboteur|Berzerk|Sprint Final|Coup Critique",""
potato_293,"Potato #293",17,17,21,9,5,"Coup Critique|Appel de l'Astico-Roi","Cutter"
potato_294,"Potato #294",20,18,14,19,5,"Appel de l'Astico-Roi","Capsule"
potato_295,"Potato #295",14,8,23,24,5,"Contre-attaque","Fourchette|Capsule"
potato_296,"Potato #296",8,16,20,18,5,"Coup Critique|Gardien de Racine|Contre-attaque","Fourchette"
potato_297,"Potato #297",20,10,14,20,5,"Appel de l'Astico-Roi|Gardien de Racine",""
potato_298,"Potato #298",15,16,18,15,5,"Coup Critique|Peau de Cuir|Appel de l'Astico-Roi","Cutter"
potato_299,"Potato #299",16,11,17,25,5,"Gardien de Racine","Cutter|Capsule"
potato_300,"Potato #300",14,20,16,19,5,"Essaim de Moucherons","Capsule"
potato_301,"Potato #301",15,17,17,17,5,"Essaim de Moucherons|Gardien de Racine",""
potato_302,"Potato #302",13,15,20,21,5,"Contre-attaque|Appel de l'Astico-Roi","Capsule"
potato_303,"Potato #303",19,17,9,20,5,"Contre-attaque|Coup Critique","Cutter|Capsule"
potato_304,"Potato #304",19,15,15,11,5,"Contre-attaque|Berzerk","Cutter|Cure-dent"
potato_305,"Potato #305",8,23,15,21,5,"","Cure-dent|Fourchette|Capsule"
potato_306,"Potato #306",22,15,10,15,5,"Peau de Cuir|Berzerk|Gardien de Racine|Esprit Saboteur","Fourchette"
potato_307,"Potato #307",21,19,9,18,5,"Essaim de Moucherons|Sprint Final|Appel de l'Astico-Roi","Capsule"
potato_308,"Potato #308",21,9,23,9,5,"Esprit Saboteur|Peau de Cuir|Coup Critique","Cutter"
potato_309,"Potato #309",22,14,7,24,5,"Gardien de Racine","Cutter|Cure-dent|Capsule"
potato_310,"Potato #310",23,12,15,15,5,"Berzerk","Cure-dent|Capsule|Cutter"
potato_311,"Potato #311",18,12,11,24,5,"Appel de l'Astico-Roi|Esprit Saboteur","Capsule|Fourchette|Cure-dent"
potato_312,"Potato #312",17,18,6,26,5,"Berzerk","Capsule|Cutter|Cure-dent"
potato_313,"Potato #313",23,12,18,13,5,"Coup Critique|Contre-attaque",""
potato_314,"Potato #314",24,15,20,7,5,"Coup Critique|Essaim de Moucherons",""
potato_315,"Potato #315",21,15,13,13,5,"Gardien de Racine","Cutter|Cure-dent"
potato_316,"Potato #316",11,19,18,17,5,"Peau de Cuir","Cure-dent|Fourchette|Capsule|Cutter"
potato_317,"Potato #317",15,10,25,17,5,"Berzerk|Esprit Saboteur","Fourchette|Capsule"
potato_318,"Potato #318",19,12,14,19,5,"Esprit Saboteur|Contre-attaque",""
potato_319,"Potato #319",17,10,19,18,5,"Peau de Cuir","Cure-dent|Cutter"
potato_320,"Potato #320",24,10,16,19,5,"","Fourchette|Capsule"
potato_321,"Potato #321",16,21,6,24,5,"Gardien de Racine|Berzerk","Cure-dent|Capsule"
potato_322,"Potato #322",22,6,16,23,5,"Essaim de Moucherons|Coup Critique|Esprit Saboteur","Capsule|Fourchette"
potato_323,"Potato #323",9,24,21,13,5,"Gardien de Racine","Capsule|Cutter|Fourchette"
potato_324,"Potato #324",15,20,11,19,5,"Gardien de Racine|Appel de l'Astico-Roi","Capsule|Cure-dent"
potato_325,"Potato #325",20,7,17,18,5,"Appel de l'Astico-Roi|Esprit Saboteur","Cutter|Cure-dent"
potato_326,"Potato #326",12,18,15,19,5,"Coup Critique","Fourchette|Cutter"
potato_327,"Potato #327",10,25,6,19,5,"Appel de l'Astico-Roi|Coup Critique|Sprint Final|Esprit Saboteur|Peau de Cuir",""
potato_328,"Potato #328",15,18,9,20,5,"Gardien de Racine|Contre-attaque|Coup Critique|Peau de Cuir","Cure-dent"
potato_329,"Potato #329",27,12,6,20,5,"Esprit Saboteur","Cure-dent|Cutter|Capsule"
potato_330,"Potato #330",7,22,17,19,5,"Contre-attaque|Peau de Cuir|Appel de l'Astico-Roi","Capsule|Cutter"
potato_331,"Potato #331",22,16,14,17,5,"Essaim de Moucherons","Cure-dent|Capsule"
potato_332,"Potato #332",11,19,18,23,5,"","Capsule"
potato_333,"Potato #333",19,11,20,16,5,"Berzerk",""
potato_334,"Potato #334",22,5,10,28,5,"Coup Critique","Capsule|Cure-dent|Fourchette|Cutter"
potato_335,"Potato #335",21,20,12,9,5,"Essaim de Moucherons|Appel de l'Astico-Roi","Cutter"
potato_336,"Potato #336",10,11,25,18,5,"","Fourchette|Cure-dent"
potato_337,"Potato #337",15,16,17,14,5,"Sprint Final|Coup Critique|Appel de l'Astico-Roi","Cutter"
potato_338,"Potato #338",7,26,22,12,5,"Sprint Final|Appel de l'Astico-Roi","Capsule"
potato_339,"Potato #339",18,16,14,16,5,"Sprint Final|Essaim de Moucherons|Berzerk|Contre-attaque",""
potato_340,"Potato #340",30,16,7,9,5,"Esprit Saboteur|Peau de Cuir|Appel de l'Astico-Roi|Gardien de Racine|Coup Critique|Essaim de Moucherons",""
potato_341,"Potato #341",19,15,13,17,5,"Coup Critique","Fourchette|Cure-dent"
potato_342,"Potato #342",7,23,9,30,5,"","Cutter|Capsule"
potato_343,"Potato #343",9,15,19,21,5,"Esprit Saboteur","Cutter"
potato_344,"Potato #344",17,9,17,17,5,"Sprint Final|Contre-attaque","Fourchette|Cutter"
potato_345,"Potato #345",12,23,5,26,5,"Appel de l'Astico-Roi|Coup Critique",""
potato_346,"Potato #346",7,12,20,25,5,"Peau de Cuir|Coup Critique|Gardien de Racine",""
potato_347,"Potato #347",18,11,23,14,5,"Peau de Cuir|Gardien de Racine",""
potato_348,"Potato #348",14,16,15,17,5,"Esprit Saboteur|Berzerk|Contre-attaque|Gardien de Racine","Cutter"
potato_349,"Potato #349",16,8,8,30,5,"Sprint Final|Essaim de Moucherons","Fourchette"
potato_350,"Potato #350",10,8,21,23,5,"Berzerk|Gardien de Racine|Appel de l'Astico-Roi",""
potato_351,"Potato #351",18,17,11,16,5,"Essaim de Moucherons|Coup Critique|Peau de Cuir|Appel de l'Astico-Roi",""
potato_352,"Potato #352",20,11,14,19,5,"Essaim de Moucherons|Berzerk|Sprint Final","Fourchette"
potato_353,"Potato #353",20,17,12,18,5,"Essaim de Moucherons|Contre-attaque","Capsule|Cutter"
potato_354,"Potato #354",9,17,12,22,5,"Appel de l'Astico-Roi|Essaim de Moucherons|Peau de Cuir|Berzerk",""
potato_355,"Potato #355",13,22,22,9,5,"Appel de l'Astico-Roi",""
potato_356,"Potato #356",9,7,24,24,5,"Peau de Cuir|Contre-attaque","Fourchette"
potato_357,"Potato #357",10,8,21,28,5,"Appel de l'Astico-Roi|Sprint Final","Cutter|Cure-dent|Capsule"
potato_358,"Potato #358",8,12,23,21,5,"Gardien de Racine|Coup Critique",""
potato_359,"Potato #359",20,16,9,22,5,"Esprit Saboteur|Coup Critique|Sprint Final|Essaim de Moucherons","Capsule"
potato_360,"Potato #360",23,14,20,9,5,"Sprint Final",""
potato_361,"Potato #361",19,20,15,13,5,"Berzerk|Gardien de Racine|Contre-attaque","Capsule"
potato_362,"Potato #362",20,7,14,24,5,"Essaim de Moucherons|Appel de l'Astico-Roi","Fourchette|Cutter|Capsule"
potato_363,"Potato #363",22,14,9,17,5,"Essaim de Moucherons|Sprint Final|Appel de l'Astico-Roi",""
potato_364,"Potato #364",19,11,13,19,5,"Gardien de Racine|Sprint Final","Cure-dent"
potato_365,"Potato #365",11,12,15,27,5,"Contre-attaque|Essaim de Moucherons|Peau de Cuir|Appel de l'Astico-Roi|Sprint Final","Capsule"
potato_366,"Potato #366",18,14,13,17,5,"Sprint Final|Appel de l'Astico-Roi","Fourchette|Cutter"
potato_367,"Potato #367",18,21,16,7,5,"Peau de Cuir","Fourchette|Cutter|Cure-dent"
potato_368,"Potato #368",15,5,31,18,5,"Coup Critique|Essaim de Moucherons","Capsule"
potato_369,"Potato #369",19,14,15,14,5,"Berzerk|Gardien de Racine|Appel de l'Astico-Roi","Cutter"
potato_370,"Potato #370",12,20,15,20,5,"Essaim de Moucherons|Sprint Final|Appel de l'Astico-Roi","Capsule"
potato_371,"Potato #371",13,17,10,27,5,"Esprit Saboteur","Cure-dent|Capsule"
potato_372,"Potato #372",8,17,10,25,5,"Essaim de Moucherons|Sprint Final|Esprit Saboteur|Gardien de Racine|Contre-attaque","Cutter"
potato_373,"Potato #373",18,8,21,20,5,"Coup Critique|Sprint Final|Esprit Saboteur|Essaim de Moucherons","Capsule"
potato_374,"Potato #374",20,22,5,22,5,"","Capsule|Fourchette"
potato_375,"Potato #375",15,14,12,23,5,"Appel de l'Astico-Roi|Coup Critique","Cure-dent"
potato_376,"Potato #376",31,8,11,12,5,"Gardien de Racine|Contre-attaque|Esprit Saboteur",""
potato_377,"Potato #377",8,22,16,18,5,"Peau de Cuir|Essaim de Moucherons","Cutter"
potato_378,"Potato #378",21,19,15,5,5,"Contre-attaque|Gardien de Racine|Berzerk|Peau de Cuir","Cure-dent"
potato_379,"Potato #379",11,19,10,22,5,"Sprint Final|Esprit Saboteur|Berzerk|Gardien de Racine","Cure-dent"
potato_380,"Potato #380",20,14,17,14,5,"","Capsule|Cutter|Fourchette|Cure-dent"
potato_381,"Potato #381",8,13,21,20,5,"Gardien de Racine|Berzerk","Cure-dent"
potato_382,"Potato #382",21,10,20,9,5,"Gardien de Racine|Peau de Cuir|Essaim de Moucherons|Berzerk|Coup Critique","Cutter"
potato_383,"Potato #383",14,13,20,13,5,"Essaim de Moucherons|Gardien de Racine|Esprit Saboteur","Cutter|Cure-dent"
potato_384,"Potato #384",20,7,17,20,5,"Esprit Saboteur|Contre-attaque",""
potato_385,"Potato #385",23,14,14,14,5,"Esprit Saboteur|Essaim de Moucherons|Coup Critique","Cure-dent|Capsule"
potato_386,"Potato #386",27,7,12,21,5,"Coup Critique","Capsule|Cure-dent"
potato_387,"Potato #387",16,17,10,22,5,"Peau de Cuir|Coup Critique","Capsule|Fourchette|Cutter"
potato_388,"Potato #388",8,22,19,16,5,"Contre-attaque|Sprint Final|Gardien de Racine","Capsule|Cure-dent"
potato_389,"Potato #389",21,17,10,17,5,"","Fourchette|Cutter|Capsule|Cure-dent"
potato_390,"Potato #390",26,7,12,17,5,"Essaim de Moucherons|Gardien de Racine|Berzerk|Sprint Final|Peau de Cuir|Contre-attaque",""
potato_391,"Potato #391",18,17,13,19,5,"Sprint Final|Appel de l'Astico-Roi","Capsule|Cutter"
potato_392,"Potato #392",25,21,8,13,5,"Appel de l'Astico-Roi","Cure-dent|Capsule"
potato_393,"Potato #393",18,8,15,25,5,"Essaim de Moucherons",""
potato_394,"Potato #394",27,15,11,9,5,"Berzerk|Appel de l'Astico-Roi|Gardien de Racine","Cure-dent"
potato_395,"Potato #395",20,25,5,19,5,"Esprit Saboteur","Cure-dent|Capsule"
potato_396,"Potato #396",17,14,9,25,5,"Gardien de Racine|Peau de Cuir|Essaim de Moucherons|Appel de l'Astico-Roi","Capsule"
potato_397,"Potato #397",11,15,15,24,5,"Gardien de Racine|Essaim de Moucherons","Capsule|Cutter|Fourchette"
potato_398,"Potato #398",19,15,5,26,5,"Coup Critique|Gardien de Racine|Sprint Final|Esprit Saboteur","Capsule"
potato_399,"Potato #399",24,12,21,10,5,"Sprint Final","Cure-dent|Capsule|Cutter"
potato_400,"Potato #400",25,8,8,23,5,"Gardien de Racine|Appel de l'Astico-Roi",""
potato_401,"Potato #401",13,23,23,7,5,"Sprint Final|Peau de Cuir",""
potato_402,"Potato #402",23,18,18,10,5,"Appel de l'Astico-Roi","Capsule|Cure-dent"
potato_403,"Potato #403",26,12,12,10,5,"Coup Critique|Sprint Final|Gardien de Racine","Cutter"
potato_404,"Potato #404",22,8,8,22,5,"Gardien de Racine|Sprint Final|Essaim de Moucherons|Esprit Saboteur","Cutter"
potato_405,"Potato #405",14,20,12,16,5,"Sprint Final|Essaim de Moucherons","Fourchette|Cure-dent"
potato_406,"Potato #406",18,18,19,7,5,"Appel de l'Astico-Roi|Gardien de Racine|Esprit Saboteur","Fourchette"
potato_407,"Potato #407",24,20,14,6,5,"Appel de l'Astico-Roi","Cure-dent"
potato_408,"Potato #408",25,12,9,18,5,"Appel de l'Astico-Roi|Contre-attaque","Cutter"
potato_409,"Potato #409",16,17,6,30,5,"Essaim de Moucherons|Appel de l'Astico-Roi|Peau de Cuir","Capsule"
potato_410,"Potato #410",32,11,10,16,5,"","Cutter|Capsule"
potato_411,"Potato #411",25,7,23,12,5,"Gardien de Racine","Capsule|Fourchette|Cure-dent"
potato_412,"Potato #412",21,8,9,24,5,"Gardien de Racine|Esprit Saboteur","Cutter|Fourchette|Cure-dent"
potato_413,"Potato #413",19,20,17,8,5,"Appel de l'Astico-Roi","Cutter"
potato_414,"Potato #414",16,12,21,13,5,"Berzerk|Esprit Saboteur|Contre-attaque","Cure-dent"
potato_415,"Potato #415",18,14,16,16,5,"Esprit Saboteur","Cutter"
potato_416,"Potato #416",21,14,6,19,5,"Essaim de Moucherons|Appel de l'Astico-Roi|Contre-attaque","Fourchette"
potato_417,"Potato #417",8,25,17,19,5,"Essaim de Moucherons|Appel de l'Astico-Roi|Esprit Saboteur","Cutter|Capsule"
potato_418,"Potato #418",10,20,18,17,5,"Berzerk|Sprint Final|Esprit Saboteur|Contre-attaque","Cure-dent|Capsule"
potato_419,"Potato #419",26,14,8,16,5,"Contre-attaque|Gardien de Racine|Sprint Final",""
potato_420,"Potato #420",28,9,20,10,5,"Appel de l'Astico-Roi|Peau de Cuir|Contre-attaque","Fourchette|Capsule|Cutter"
potato_421,"Potato #421",12,18,14,18,5,"Berzerk|Contre-attaque|Appel de l'Astico-Roi","Fourchette|Cure-dent"
potato_422,"Potato #422",20,14,16,14,5,"Esprit Saboteur|Peau de Cuir","Cure-dent|Cutter"
potato_423,"Potato #423",17,6,22,19,5,"","Cutter|Cure-dent"
potato_424,"Potato #424",14,11,14,30,5,"Sprint Final","Fourchette|Capsule"
potato_425,"Potato #425",19,16,19,12,5,"Coup Critique|Peau de Cuir|Essaim de Moucherons",""
potato_426,"Potato #426",24,8,23,14,5,"Peau de Cuir","Capsule|Fourchette"
potato_427,"Potato #427",9,27,17,14,5,"Berzerk|Essaim de Moucherons","Fourchette|Cutter|Capsule"
potato_428,"Potato #428",14,24,14,15,5,"Contre-attaque|Coup Critique|Sprint Final","Cure-dent|Capsule"
potato_429,"Potato #429",13,24,19,6,5,"Esprit Saboteur","Cutter|Cure-dent"
potato_430,"Potato #430",18,14,16,14,5,"Berzerk|Essaim de Moucherons|Contre-attaque","Fourchette"
potato_431,"Potato #431",13,19,17,13,5,"Appel de l'Astico-Roi|Coup Critique|Gardien de Racine","Cutter"
potato_432,"Potato #432",17,18,13,19,5,"Coup Critique","Cure-dent|Capsule"
potato_433,"Potato #433",17,15,10,18,5,"Berzerk|Sprint Final|Coup Critique","Cure-dent|Cutter"
potato_434,"Potato #434",17,17,17,13,5,"Appel de l'Astico-Roi","Fourchette|Cutter"
potato_435,"Potato #435",14,10,14,29,5,"Peau de Cuir|Sprint Final","Fourchette|Capsule"
potato_436,"Potato #436",11,20,19,14,5,"Gardien de Racine","Cutter"
potato_437,"Potato #437",16,29,12,10,5,"Contre-attaque|Essaim de Moucherons|Sprint Final","Cure-dent|Capsule"
potato_438,"Potato #438",10,24,7,26,5,"Contre-attaque|Peau de Cuir","Cutter|Capsule"
potato_439,"Potato #439",21,11,9,23,5,"Gardien de Racine|Contre-attaque|Berzerk",""
potato_440,"Potato #440",16,17,18,15,5,"Appel de l'Astico-Roi",""
potato_441,"Potato #441",25,12,11,16,5,"Sprint Final","Fourchette"
potato_442,"Potato #442",28,21,8,10,5,"Contre-attaque","Fourchette|Capsule"
potato_443,"Potato #443",22,5,13,24,5,"Sprint Final|Essaim de Moucherons","Cure-dent"
potato_444,"Potato #444",19,19,13,18,5,"Coup Critique","Capsule|Fourchette"
potato_445,"Potato #445",20,10,18,14,5,"Essaim de Moucherons|Coup Critique|Contre-attaque|Gardien de Racine",""
potato_446,"Potato #446",18,14,22,13,5,"Gardien de Racine|Peau de Cuir|Berzerk","Capsule"
potato_447,"Potato #447",25,15,14,8,5,"Essaim de Moucherons|Peau de Cuir|Appel de l'Astico-Roi","Fourchette"
potato_448,"Potato #448",22,22,13,10,5,"Contre-attaque|Sprint Final|Berzerk","Capsule|Fourchette"
potato_449,"Potato #449",13,23,18,14,5,"Sprint Final",""
potato_450,"Potato #450",22,7,8,25,5,"Coup Critique|Esprit Saboteur|Sprint Final|Peau de Cuir",""
potato_451,"Potato #451",16,20,10,21,5,"Berzerk|Appel de l'Astico-Roi","Fourchette|Capsule|Cutter"
potato_452,"Potato #452",16,14,13,23,5,"Sprint Final",""
potato_453,"Potato #453",17,18,16,14,5,"","Cure-dent|Cutter|Fourchette|Capsule"
potato_454,"Potato #454",17,14,13,21,5,"Essaim de Moucherons|Contre-attaque","Cutter|Capsule"
potato_455,"Potato #455",14,20,9,17,5,"Peau de Cuir|Coup Critique","Cure-dent|Cutter"
potato_456,"Potato #456",25,11,11,15,5,"Berzerk|Contre-attaque|Appel de l'Astico-Roi|Peau de Cuir|Essaim de Moucherons",""
potato_457,"Potato #457",21,24,8,9,5,"Coup Critique|Sprint Final|Esprit Saboteur","Cutter"
potato_458,"Potato #458",18,7,21,18,5,"Peau de Cuir|Esprit Saboteur|Essaim de Moucherons",""
potato_459,"Potato #459",32,12,5,18,5,"Gardien de Racine|Coup Critique","Fourchette|Capsule"
potato_460,"Potato #460",20,16,18,6,5,"Esprit Saboteur|Essaim de Moucherons|Appel de l'Astico-Roi|Berzerk","Cutter"
potato_461,"Potato #461",17,18,19,15,5,"","Capsule|Cure-dent"
potato_462,"Potato #462",17,22,15,15,5,"Gardien de Racine","Capsule"
potato_463,"Potato #463",14,19,14,22,5,"Essaim de Moucherons|Contre-attaque","Capsule"
potato_464,"Potato #464",17,18,11,18,5,"Berzerk|Contre-attaque|Coup Critique|Essaim de Moucherons",""
potato_465,"Potato #465",11,14,15,27,5,"Contre-attaque|Coup Critique|Essaim de Moucherons|Appel de l'Astico-Roi","Capsule|Fourchette"
potato_466,"Potato #466",13,17,18,16,5,"Berzerk|Sprint Final|Peau de Cuir","Cure-dent"
potato_467,"Potato #467",27,16,12,14,5,"Appel de l'Astico-Roi","Capsule|Cutter"
potato_468,"Potato #468",17,13,17,18,5,"Sprint Final","Fourchette|Capsule|Cutter"
potato_469,"Potato #469",16,10,17,22,5,"Esprit Saboteur","Capsule|Fourchette|Cure-dent"
potato_470,"Potato #470",16,33,8,5,5,"Coup Critique","Cutter|Fourchette|Cure-dent"
potato_471,"Potato #471",15,31,11,5,5,"Gardien de Racine|Essaim de Moucherons|Esprit Saboteur","Cutter"
potato_472,"Potato #472",22,12,23,12,5,"Contre-attaque|Peau de Cuir|Essaim de Moucherons","Capsule"
potato_473,"Potato #473",7,24,16,17,5,"Gardien de Racine|Berzerk","Fourchette"
potato_474,"Potato #474",30,14,6,12,5,"","Fourchette|Cutter|Cure-dent"
potato_475,"Potato #475",12,18,12,22,5,"Contre-attaque|Coup Critique|Gardien de Racine|Sprint Final",""
potato_476,"Potato #476",9,24,12,15,5,"Peau de Cuir|Essaim de Moucherons|Esprit Saboteur|Berzerk","Fourchette"
potato_477,"Potato #477",25,15,7,17,5,"Coup Critique|Contre-attaque|Sprint Final","Cutter"
potato_478,"Potato #478",19,7,14,27,5,"Sprint Final|Peau de Cuir","Fourchette|Capsule|Cutter"
potato_479,"Potato #479",15,19,18,12,5,"Appel de l'Astico-Roi|Peau de Cuir","Cutter"
potato_480,"Potato #480",15,23,9,20,5,"Gardien de Racine|Peau de Cuir","Capsule|Fourchette"
potato_481,"Potato #481",19,13,20,15,5,"Esprit Saboteur|Gardien de Racine|Berzerk","Capsule"
potato_482,"Potato #482",23,15,15,13,5,"Esprit Saboteur","Fourchette"
potato_483,"Potato #483",16,12,26,14,5,"Essaim de Moucherons",""
potato_484,"Potato #484",17,19,6,23,5,"Coup Critique|Essaim de Moucherons|Berzerk","Fourchette|Cutter|Cure-dent|Capsule"
potato_485,"Potato #485",19,11,25,7,5,"Esprit Saboteur|Peau de Cuir|Sprint Final|Appel de l'Astico-Roi","Fourchette"
potato_486,"Potato #486",18,21,8,17,5,"Appel de l'Astico-Roi|Contre-attaque|Sprint Final",""
potato_487,"Potato #487",8,18,15,21,5,"Esprit Saboteur|Appel de l'Astico-Roi|Sprint Final","Cure-dent"
potato_488,"Potato #488",16,5,20,21,5,"Berzerk","Fourchette|Cutter"
potato_489,"Potato #489",43,8,6,5,5,"","Fourchette|Cure-dent|Cutter"
potato_490,"Potato #490",21,17,18,12,5,"Appel de l'Astico-Roi",""
potato_491,"Potato #491",9,17,17,19,5,"Berzerk|Gardien de Racine","Cure-dent|Cutter"
potato_492,"Potato #492",16,8,20,23,5,"Gardien de Racine","Capsule|Cutter"
potato_493,"Potato #493",15,8,18,26,5,"","Capsule|Fourchette|Cutter"
potato_494,"Potato #494",17,21,7,20,5,"Berzerk|Coup Critique|Appel de l'Astico-Roi","Cure-dent|Capsule"
potato_495,"Potato #495",20,19,5,16,5,"Appel de l'Astico-Roi|Esprit Saboteur","Cure-dent|Cutter|Fourchette"
potato_496,"Potato #496",19,19,11,13,5,"Sprint Final|Berzerk|Gardien de Racine","Fourchette"
potato_497,"Potato #497",13,23,15,13,5,"Esprit Saboteur|Appel de l'Astico-Roi","Cutter"
potato_498,"Potato #498",21,8,14,24,5,"Berzerk","Fourchette|Cutter|Capsule"
potato_499,"Potato #499",22,15,12,13,5,"Peau de Cuir|Sprint Final|Gardien de Racine",""
potato_500,"Potato #500",21,8,18,15,5,"Coup Critique|Esprit Saboteur|Berzerk","Cutter"
potato_501,"Potato #501",11,26,13,17,5,"","Cure-dent|Fourchette|Capsule"
potato_502,"Potato #502",11,15,23,17,5,"Sprint Final|Appel de l'Astico-Roi",""
potato_503,"Potato #503",13,12,13,28,5,"Appel de l'Astico-Roi",""
potato_504,"Potato #504",24,12,21,12,5,"Sprint Final|Coup Critique|Appel de l'Astico-Roi","Capsule"
potato_505,"Potato #505",7,16,20,24,5,"Coup Critique|Essaim de Moucherons","Capsule|Fourchette"
potato_506,"Potato #506",13,12,15,27,5,"Peau de Cuir|Berzerk","Capsule|Cutter"
potato_507,"Potato #507",10,19,20,13,5,"Gardien de Racine|Esprit Saboteur|Sprint Final|Essaim de Moucherons","Fourchette"
potato_508,"Potato #508",10,18,17,15,5,"Sprint Final|Appel de l'Astico-Roi|Contre-attaque|Esprit Saboteur|Peau de Cuir",""
potato_509,"Potato #509",14,16,16,21,5,"Esprit Saboteur","Cutter|Capsule"
potato_510,"Potato #510",14,11,12,25,5,"Peau de Cuir|Sprint Final","Cure-dent|Fourchette"
potato_511,"Potato #511",23,19,9,15,5,"Appel de l'Astico-Roi|Sprint Final","Fourchette"
potato_512,"Potato #512",20,6,17,19,5,"Sprint Final|Gardien de Racine|Berzerk","Cutter"
potato_513,"Potato #513",13,22,19,6,5,"Appel de l'Astico-Roi|Sprint Final|Essaim de Moucherons","Fourchette"
potato_514,"Potato #514",8,21,13,25,5,"Appel de l'Astico-Roi","Capsule|Cure-dent"
potato_515,"Potato #515",14,13,12,26,5,"Peau de Cuir|Appel de l'Astico-Roi","Capsule|Fourchette"
potato_516,"Potato #516",17,11,15,21,5,"Sprint Final|Peau de Cuir","Fourchette"
potato_517,"Potato #517",30,12,12,13,5,"Berzerk","Cure-dent|Capsule|Cutter"
potato_518,"Potato #518",17,12,23,13,5,"Berzerk|Contre-attaque|Esprit Saboteur","Fourchette|Cutter|Capsule"
potato_519,"Potato #519",24,7,17,23,5,"Peau de Cuir|Appel de l'Astico-Roi","Capsule"
potato_520,"Potato #520",16,20,13,15,5,"Essaim de Moucherons","Fourchette"
potato_521,"Potato #521",7,10,15,32,5,"Contre-attaque|Coup Critique|Essaim de Moucherons",""
potato_522,"Potato #522",21,13,9,21,5,"Peau de Cuir|Essaim de Moucherons","Cure-dent"
potato_523,"Potato #523",32,9,15,11,5,"Contre-attaque|Gardien de Racine","Fourchette|Capsule"
potato_524,"Potato #524",15,16,16,15,5,"Gardien de Racine|Peau de Cuir|Berzerk|Essaim de Moucherons","Cure-dent"
potato_525,"Potato #525",11,18,18,22,5,"Berzerk","Capsule|Cutter"
potato_526,"Potato #526",12,18,8,24,5,"Esprit Saboteur|Berzerk|Appel de l'Astico-Roi","Cure-dent"
potato_527,"Potato #527",14,21,10,17,5,"Berzerk|Sprint Final|Essaim de Moucherons",""
potato_528,"Potato #528",29,9,20,8,5,"Sprint Final|Appel de l'Astico-Roi|Peau de Cuir",""
potato_529,"Potato #529",14,5,19,27,5,"Appel de l'Astico-Roi","Capsule|Cutter|Fourchette|Cure-dent"
potato_530,"Potato #530",16,15,15,18,5,"Gardien de Racine","Cure-dent|Cutter"
potato_531,"Potato #531",9,23,20,10,5,"Essaim de Moucherons|Contre-attaque|Gardien de Racine|Berzerk|Peau de Cuir",""
potato_532,"Potato #532",11,8,9,36,5,"Contre-attaque|Appel de l'Astico-Roi","Cutter|Fourchette"
potato_533,"Potato #533",21,19,14,12,5,"Appel de l'Astico-Roi|Sprint Final|Peau de Cuir","Cutter"
potato_534,"Potato #534",20,17,18,10,5,"Peau de Cuir|Essaim de Moucherons|Esprit Saboteur","Capsule|Fourchette"
potato_535,"Potato #535",16,7,21,18,5,"Contre-attaque|Sprint Final|Essaim de Moucherons|Peau de Cuir",""
potato_536,"Potato #536",9,12,13,26,5,"Berzerk|Contre-attaque|Essaim de Moucherons|Coup Critique|Sprint Final|Appel de l'Astico-Roi",""
potato_537,"Potato #537",13,13,12,27,5,"Peau de Cuir|Contre-attaque|Gardien de Racine|Sprint Final|Coup Critique","Capsule|Cutter"
potato_538,"Potato #538",19,14,6,21,5,"Appel de l'Astico-Roi|Berzerk|Sprint Final|Essaim de Moucherons|Peau de Cuir|Coup Critique",""
potato_539,"Potato #539",13,8,17,27,5,"Essaim de Moucherons|Appel de l'Astico-Roi|Esprit Saboteur","Capsule|Cutter"
potato_540,"Potato #540",28,23,8,7,5,"Appel de l'Astico-Roi",""
potato_541,"Potato #541",12,22,17,9,5,"Contre-attaque|Esprit Saboteur","Cutter|Cure-dent"
potato_542,"Potato #542",21,13,6,20,5,"Gardien de Racine|Contre-attaque|Esprit Saboteur","Fourchette"
potato_543,"Potato #543",15,8,20,17,5,"Sprint Final|Coup Critique|Berzerk|Essaim de Moucherons","Fourchette"
potato_544,"Potato #544",14,12,20,21,5,"Sprint Final|Gardien de Racine","Cutter|Capsule"
potato_545,"Potato #545",20,19,14,16,5,"Appel de l'Astico-Roi","Cutter|Capsule"
potato_546,"Potato #546",12,19,12,28,5,"Contre-attaque|Gardien de Racine|Esprit Saboteur","Capsule"
potato_547,"Potato #547",22,13,13,16,5,"Contre-attaque","Cure-dent|Cutter"
potato_548,"Potato #548",18,16,11,24,5,"Contre-attaque","Capsule"
potato_549,"Potato #549",14,16,12,23,5,"Contre-attaque|Sprint Final|Peau de Cuir","Capsule|Cutter"
potato_550,"Potato #550",29,15,6,12,5,"Esprit Saboteur|Berzerk|Sprint Final","Cutter"
potato_551,"Potato #551",20,7,14,21,5,"Gardien de Racine|Peau de Cuir|Esprit Saboteur|Sprint Final","Cure-dent"
potato_552,"Potato #552",22,12,10,21,5,"Essaim de Moucherons|Sprint Final","Cure-dent|Cutter|Capsule"
potato_553,"Potato #553",13,9,11,29,5,"Contre-attaque|Sprint Final|Appel de l'Astico-Roi","Fourchette"
potato_554,"Potato #554",21,18,13,12,5,"Berzerk","Cure-dent|Cutter"
potato_555,"Potato #555",9,26,20,7,5,"Essaim de Moucherons|Berzerk","Cure-dent|Cutter"
potato_556,"Potato #556",21,25,11,7,5,"Peau de Cuir","Cure-dent|Cutter"
potato_557,"Potato #557",15,16,7,24,5,"Berzerk|Peau de Cuir|Esprit Saboteur|Sprint Final","Fourchette"
potato_558,"Potato #558",19,13,12,18,5,"Peau de Cuir|Essaim de Moucherons","Cure-dent|Cutter"
potato_559,"Potato #559",20,10,18,18,5,"Gardien de Racine|Coup Critique","Fourchette"
potato_560,"Potato #560",20,15,18,7,5,"Appel de l'Astico-Roi|Peau de Cuir|Essaim de Moucherons|Gardien de Racine","Cure-dent|Cutter"
potato_561,"Potato #561",12,16,8,30,5,"Coup Critique|Appel de l'Astico-Roi|Gardien de Racine",""
potato_562,"Potato #562",23,17,14,6,5,"Appel de l'Astico-Roi|Coup Critique|Gardien de Racine|Contre-attaque","Cure-dent"
potato_563,"Potato #563",11,20,18,11,5,"Esprit Saboteur|Contre-attaque|Berzerk|Sprint Final","Cure-dent"
potato_564,"Potato #564",22,17,18,9,5,"","Cure-dent"
potato_565,"Potato #565",20,19,14,14,5,"Gardien de Racine|Contre-attaque","Cutter|Fourchette|Capsule"
potato_566,"Potato #566",25,10,11,16,5,"Gardien de Racine|Sprint Final|Appel de l'Astico-Roi","Cure-dent"
potato_567,"Potato #567",18,19,7,21,5,"Gardien de Racine|Esprit Saboteur|Sprint Final|Peau de Cuir","Fourchette|Capsule"
potato_568,"Potato #568",17,31,7,7,5,"Sprint Final|Appel de l'Astico-Roi|Peau de Cuir","Fourchette"
potato_569,"Potato #569",18,18,13,18,5,"Berzerk|Peau de Cuir|Coup Critique","Cutter|Capsule"
potato_570,"Potato #570",21,10,18,15,5,"Sprint Final|Contre-attaque","Cutter"
potato_571,"Potato #571",13,7,20,20,5,"Essaim de Moucherons|Berzerk|Peau de Cuir","Fourchette|Cure-dent"
potato_572,"Potato #572",18,13,15,21,5,"Berzerk","Cure-dent|Cutter|Capsule"
potato_573,"Potato #573",20,25,9,8,5,"Esprit Saboteur|Coup Critique|Peau de Cuir","Fourchette"
potato_574,"Potato #574",17,27,7,9,5,"Essaim de Moucherons|Contre-attaque|Appel de l'Astico-Roi|Gardien de Racine","Cure-dent|Cutter"
potato_575,"Potato #575",16,10,24,12,5,"Contre-attaque|Sprint Final","Cutter|Cure-dent"
potato_576,"Potato #576",18,17,16,13,5,"Essaim de Moucherons|Appel de l'Astico-Roi","Fourchette"
potato_577,"Potato #577",14,10,17,19,5,"Appel de l'Astico-Roi|Essaim de Moucherons|Berzerk","Cutter|Fourchette"
potato_578,"Potato #578",24,9,14,15,5,"Essaim de Moucherons|Contre-attaque","Cutter|Fourchette"
potato_579,"Potato #579",16,13,20,15,5,"Gardien de Racine|Coup Critique|Berzerk",""
potato_580,"Potato #580",22,18,11,16,5,"Essaim de Moucherons","Capsule|Cutter|Cure-dent"
potato_581,"Potato #581",18,9,28,5,5,"Berzerk|Appel de l'Astico-Roi|Sprint Final","Cutter|Fourchette"
potato_582,"Potato #582",8,24,23,12,5,"Peau de Cuir|Sprint Final|Contre-attaque","Capsule"
potato_583,"Potato #583",14,14,24,8,5,"Appel de l'Astico-Roi|Contre-attaque|Berzerk","Cure-dent|Fourchette"
potato_584,"Potato #584",16,12,18,16,5,"Essaim de Moucherons|Berzerk","Fourchette|Cure-dent"
potato_585,"Potato #585",18,7,10,27,5,"Essaim de Moucherons","Cutter|Fourchette"
potato_586,"Potato #586",20,10,21,13,5,"Gardien de Racine|Berzerk",""
potato_587,"Potato #587",14,10,19,21,5,"Esprit Saboteur|Coup Critique","Cure-dent"
potato_588,"Potato #588",13,14,7,33,5,"Appel de l'Astico-Roi|Sprint Final","Capsule"
potato_589,"Potato #589",9,13,22,27,5,"","Capsule"
potato_590,"Potato #590",18,18,20,12,5,"Gardien de Racine",""
potato_591,"Potato #591",17,14,21,14,5,"Sprint Final","Cutter"
potato_592,"Potato #592",14,13,21,21,5,"Gardien de Racine","Fourchette|Capsule"
potato_593,"Potato #593",12,10,29,13,5,"Contre-attaque","Fourchette"
potato_594,"Potato #594",13,19,12,20,5,"Appel de l'Astico-Roi|Berzerk",""
potato_595,"Potato #595",19,17,21,14,5,"Peau de Cuir","Capsule"
potato_596,"Potato #596",14,18,18,14,5,"Gardien de Racine|Coup Critique","Fourchette"
potato_597,"Potato #597",25,9,5,21,5,"Gardien de Racine","Cutter|Cure-dent|Fourchette"
potato_598,"Potato #598",21,22,12,5,5,"Gardien de Racine|Contre-attaque|Esprit Saboteur","Fourchette"
potato_599,"Potato #599",24,19,12,7,5,"Sprint Final|Peau de Cuir|Berzerk|Appel de l'Astico-Roi",""
potato_600,"Potato #600",22,6,18,21,5,"Contre-attaque","Capsule|Cutter"
potato_601,"Potato #601",6,16,24,16,5,"Essaim de Moucherons|Berzerk","Fourchette|Cure-dent"
potato_602,"Potato #602",10,20,16,20,5,"Gardien de Racine","Cutter"
potato_603,"Potato #603",17,7,11,30,5,"Essaim de Moucherons|Sprint Final","Cure-dent|Capsule|Cutter|Fourchette"
potato_604,"Potato #604",20,15,9,25,5,"Gardien de Racine","Capsule"
potato_605,"Potato #605",18,21,13,10,5,"Essaim de Moucherons|Sprint Final|Peau de Cuir",""
potato_606,"Potato #606",16,9,17,23,5,"Contre-attaque","Cutter|Cure-dent|Capsule|Fourchette"
potato_607,"Potato #607",18,14,17,17,5,"Gardien de Racine","Fourchette"
potato_608,"Potato #608",14,18,12,18,5,"Essaim de Moucherons|Contre-attaque","Fourchette|Cure-dent"
potato_609,"Potato #609",14,17,12,19,5,"Contre-attaque","Fourchette|Cure-dent"
potato_610,"Potato #610",19,12,19,14,5,"Peau de Cuir","Cutter"
potato_611,"Potato #611",19,15,16,17,5,"Contre-attaque","Fourchette|Capsule|Cure-dent"
potato_612,"Potato #612",19,22,8,13,5,"Gardien de Racine|Contre-attaque|Esprit Saboteur|Berzerk",""
potato_613,"Potato #613",21,25,6,15,5,"Essaim de Moucherons|Sprint Final","Cutter|Fourchette|Capsule"
potato_614,"Potato #614",22,11,13,18,5,"Appel de l'Astico-Roi","Cure-dent"
potato_615,"Potato #615",10,17,18,17,5,"Contre-attaque|Coup Critique|Appel de l'Astico-Roi","Cure-dent"
potato_616,"Potato #616",21,8,23,13,5,"Contre-attaque|Coup Critique|Berzerk","Capsule|Cutter"
potato_617,"Potato #617",23,17,6,25,5,"Gardien de Racine|Coup Critique","Capsule"
potato_618,"Potato #618",12,26,11,13,5,"Essaim de Moucherons|Peau de Cuir|Coup Critique","Fourchette"
potato_619,"Potato #619",13,25,10,19,5,"Berzerk","Capsule|Cure-dent"
potato_620,"Potato #620",19,8,16,19,5,"Essaim de Moucherons|Peau de Cuir|Sprint Final|Gardien de Racine",""
potato_621,"Potato #621",12,22,5,21,5,"Peau de Cuir|Esprit Saboteur|Appel de l'Astico-Roi|Sprint Final|Coup Critique","Cure-dent"
potato_622,"Potato #622",14,21,11,20,5,"Coup Critique","Cure-dent"
potato_623,"Potato #623",8,18,15,26,5,"Essaim de Moucherons|Contre-attaque","Fourchette|Cure-dent|Capsule"
potato_624,"Potato #624",10,24,13,18,5,"Berzerk|Contre-attaque","Cutter|Capsule"
potato_625,"Potato #625",23,21,11,9,5,"Appel de l'Astico-Roi","Cure-dent"
potato_626,"Potato #626",11,15,20,18,5,"Berzerk|Essaim de Moucherons|Sprint Final|Appel de l'Astico-Roi",""
potato_627,"Potato #627",24,13,15,12,5,"Berzerk","Cutter"
potato_628,"Potato #628",17,11,16,18,5,"Essaim de Moucherons|Gardien de Racine|Peau de Cuir|Esprit Saboteur","Cure-dent"
potato_629,"Potato #629",23,14,12,15,5,"Coup Critique|Sprint Final","Cutter"
potato_630,"Potato #630",8,23,17,19,5,"","Cutter|Capsule|Fourchette"
potato_631,"Potato #631",25,17,11,14,5,"Peau de Cuir|Contre-attaque|Coup Critique","Capsule|Cutter"
potato_632,"Potato #632",17,18,12,24,5,"Contre-attaque","Capsule"
potato_633,"Potato #633",7,30,17,15,5,"","Cure-dent|Capsule"
potato_634,"Potato #634",22,20,12,13,5,"Contre-attaque|Essaim de Moucherons","Capsule|Fourchette|Cutter"
potato_635,"Potato #635",32,8,12,15,5,"Coup Critique","Fourchette|Capsule"
potato_636,"Potato #636",25,17,17,9,5,"Essaim de Moucherons|Berzerk|Esprit Saboteur",""
potato_637,"Potato #637",9,6,10,39,5,"Contre-attaque|Essaim de Moucherons","Cutter"
potato_638,"Potato #638",10,19,10,26,5,"Coup Critique|Essaim de Moucherons|Peau de Cuir|Sprint Final|Appel de l'Astico-Roi","Fourchette|Capsule"
potato_639,"Potato #639",23,19,14,10,5,"Esprit Saboteur","Cure-dent"
potato_640,"Potato #640",8,22,23,13,5,"Berzerk","Cutter"
potato_641,"Potato #641",17,15,11,22,5,"Coup Critique|Sprint Final|Peau de Cuir","Fourchette|Capsule|Cure-dent"
potato_642,"Potato #642",24,23,10,5,5,"Appel de l'Astico-Roi","Cure-dent|Fourchette"
potato_643,"Potato #643",18,12,19,11,5,"Contre-attaque|Gardien de Racine|Appel de l'Astico-Roi","Fourchette"
potato_644,"Potato #644",14,23,17,10,5,"Peau de Cuir|Coup Critique|Essaim de Moucherons","Fourchette"
potato_645,"Potato #645",19,18,13,17,5,"Sprint Final","Capsule|Cutter"
potato_646,"Potato #646",17,20,15,10,5,"Appel de l'Astico-Roi|Peau de Cuir|Berzerk|Esprit Saboteur",""
potato_647,"Potato #647",20,13,5,27,5,"Contre-attaque|Essaim de Moucherons","Cure-dent|Capsule|Cutter"
potato_648,"Potato #648",18,7,22,24,5,"Essaim de Moucherons","Capsule"
potato_649,"Potato #649",16,15,16,13,5,"Sprint Final|Contre-attaque|Esprit Saboteur","Cutter|Cure-dent|Fourchette"
potato_650,"Potato #650",13,17,21,16,5,"Appel de l'Astico-Roi|Essaim de Moucherons","Capsule|Cure-dent"
potato_651,"Potato #651",19,16,10,17,5,"Appel de l'Astico-Roi|Berzerk","Cure-dent"
potato_652,"Potato #652",11,18,13,23,5,"Sprint Final|Appel de l'Astico-Roi|Essaim de Moucherons|Coup Critique","Capsule|Cutter"
potato_653,"Potato #653",11,23,23,5,5,"Coup Critique","Cure-dent|Cutter"
potato_654,"Potato #654",28,5,8,23,5,"Gardien de Racine|Berzerk","Fourchette"
potato_655,"Potato #655",14,19,17,14,5,"Contre-attaque|Peau de Cuir",""
potato_656,"Potato #656",17,16,14,20,5,"Coup Critique","Capsule|Fourchette"
potato_657,"Potato #657",11,17,26,6,5,"Berzerk|Sprint Final|Gardien de Racine|Peau de Cuir","Cure-dent"
potato_658,"Potato #658",11,19,25,14,5,"Coup Critique","Capsule|Cure-dent"
potato_659,"Potato #659",15,14,16,22,5,"Sprint Final|Essaim de Moucherons","Cutter|Capsule"
potato_660,"Potato #660",14,15,15,16,5,"Berzerk|Gardien de Racine|Sprint Final|Esprit Saboteur","Cure-dent"
potato_661,"Potato #661",15,14,10,21,5,"Peau de Cuir|Berzerk|Sprint Final","Cure-dent|Cutter"
potato_662,"Potato #662",7,16,20,19,5,"Appel de l'Astico-Roi|Sprint Final|Peau de Cuir",""
potato_663,"Potato #663",17,27,9,11,5,"Gardien de Racine|Coup Critique|Essaim de Moucherons|Appel de l'Astico-Roi",""
potato_664,"Potato #664",23,16,16,5,5,"Contre-attaque|Essaim de Moucherons|Coup Critique","Fourchette"
potato_665,"Potato #665",13,15,11,28,5,"Contre-attaque","Fourchette|Capsule"
potato_666,"Potato #666",21,16,18,7,5,"Sprint Final","Cutter|Fourchette"
potato_667,"Potato #667",17,15,23,13,5,"",""
potato_668,"Potato #668",20,27,5,12,5,"Peau de Cuir|Gardien de Racine|Essaim de Moucherons",""
potato_669,"Potato #669",12,23,11,18,5,"Contre-attaque","Fourchette"
potato_670,"Potato #670",21,9,23,12,5,"Contre-attaque|Peau de Cuir","Capsule|Cutter"
potato_671,"Potato #671",9,21,9,23,5,"Peau de Cuir","Cutter|Cure-dent"
potato_672,"Potato #672",17,15,13,17,5,"Sprint Final|Esprit Saboteur|Berzerk","Fourchette"
potato_673,"Potato #673",20,22,8,17,5,"Contre-attaque","Capsule|Cutter"
potato_674,"Potato #674",13,15,10,24,5,"Coup Critique|Sprint Final","Cure-dent"
potato_675,"Potato #675",10,18,18,16,5,"Gardien de Racine|Essaim de Moucherons","Cutter|Fourchette"
potato_676,"Potato #676",19,6,16,24,5,"","Fourchette|Cure-dent|Cutter|Capsule"
potato_677,"Potato #677",14,20,13,18,5,"Essaim de Moucherons|Esprit Saboteur|Berzerk|Appel de l'Astico-Roi|Contre-attaque","Capsule|Fourchette"
potato_678,"Potato #678",10,22,22,8,5,"Peau de Cuir|Esprit Saboteur|Coup Critique|Contre-attaque","Cure-dent|Cutter"
potato_679,"Potato #679",15,20,15,12,5,"Peau de Cuir|Essaim de Moucherons|Coup Critique","Cutter"
potato_680,"Potato #680",18,7,6,34,5,"Essaim de Moucherons|Contre-attaque|Esprit Saboteur|Appel de l'Astico-Roi","Capsule|Cutter"
potato_681,"Potato #681",21,12,10,19,5,"Esprit Saboteur|Essaim de Moucherons","Fourchette"
potato_682,"Potato #682",11,21,20,13,5,"Essaim de Moucherons|Coup Critique|Appel de l'Astico-Roi|Berzerk","Capsule|Cure-dent"
potato_683,"Potato #683",20,14,5,25,5,"Essaim de Moucherons|Gardien de Racine|Sprint Final",""
potato_684,"Potato #684",6,16,17,28,5,"","Cutter|Cure-dent|Capsule"
potato_685,"Potato #685",18,23,7,16,5,"Berzerk|Gardien de Racine","Cure-dent"
potato_686,"Potato #686",19,23,10,17,5,"Berzerk","Capsule"
potato_687,"Potato #687",25,15,6,18,5,"Essaim de Moucherons|Berzerk|Coup Critique|Contre-attaque",""
potato_688,"Potato #688",26,11,14,11,5,"Contre-attaque|Essaim de Moucherons|Appel de l'Astico-Roi","Cutter"
potato_689,"Potato #689",27,6,18,18,5,"Berzerk|Appel de l'Astico-Roi|Peau de Cuir","Capsule"
potato_690,"Potato #690",20,10,15,15,5,"Essaim de Moucherons|Esprit Saboteur","Cutter|Cure-dent"
potato_691,"Potato #691",20,9,18,15,5,"Contre-attaque|Coup Critique","Cutter|Cure-dent"
potato_692,"Potato #692",13,16,14,17,5,"Peau de Cuir|Essaim de Moucherons|Esprit Saboteur|Contre-attaque","Cutter"
potato_693,"Potato #693",11,20,9,22,5,"Gardien de Racine|Sprint Final|Esprit Saboteur",""
potato_694,"Potato #694",20,11,19,14,5,"Berzerk|Appel de l'Astico-Roi|Contre-attaque","Cutter"
potato_695,"Potato #695",18,19,5,22,5,"Coup Critique|Peau de Cuir|Essaim de Moucherons",""
potato_696,"Potato #696",14,7,25,18,5,"Peau de Cuir","Cutter"
potato_697,"Potato #697",16,16,13,17,5,"Appel de l'Astico-Roi|Esprit Saboteur|Contre-attaque","Fourchette"
potato_698,"Potato #698",25,8,16,17,5,"Gardien de Racine|Peau de Cuir",""
potato_699,"Potato #699",21,15,21,10,5,"Esprit Saboteur|Gardien de Racine","Cutter|Capsule"
potato_700,"Potato #700",26,13,16,5,5,"Esprit Saboteur|Appel de l'Astico-Roi|Coup Critique","Fourchette|Cure-dent"
potato_701,"Potato #701",23,13,13,15,5,"Sprint Final","Cure-dent"
potato_702,"Potato #702",11,30,13,15,5,"Coup Critique|Contre-attaque|Sprint Final","Capsule"
potato_703,"Potato #703",26,7,10,26,5,"","Cure-dent|Capsule"
potato_704,"Potato #704",13,17,16,16,5,"Berzerk|Esprit Saboteur","Cure-dent"
potato_705,"Potato #705",20,19,20,5,5,"Sprint Final|Berzerk|Peau de Cuir|Appel de l'Astico-Roi",""
potato_706,"Potato #706",18,20,21,7,5,"Appel de l'Astico-Roi|Esprit Saboteur",""
potato_707,"Potato #707",8,16,11,32,5,"","Cure-dent|Fourchette|Capsule"
potato_708,"Potato #708",17,23,15,13,5,"Esprit Saboteur|Contre-attaque",""
potato_709,"Potato #709",9,6,23,26,5,"Esprit Saboteur","Cure-dent|Fourchette"
potato_710,"Potato #710",17,11,16,18,5,"Berzerk|Contre-attaque|Appel de l'Astico-Roi","Cure-dent"
potato_711,"Potato #711",16,17,10,22,5,"Coup Critique","Cutter|Capsule|Fourchette"
potato_712,"Potato #712",14,19,16,11,5,"Appel de l'Astico-Roi|Esprit Saboteur|Berzerk","Cutter"
potato_713,"Potato #713",13,16,20,15,5,"Contre-attaque|Coup Critique|Sprint Final",""
potato_714,"Potato #714",16,12,23,15,5,"","Fourchette"
potato_715,"Potato #715",23,19,12,15,5,"Peau de Cuir","Fourchette|Capsule"
potato_716,"Potato #716",15,8,26,20,5,"Gardien de Racine|Contre-attaque","Cure-dent|Capsule"
potato_717,"Potato #717",18,10,18,21,5,"Esprit Saboteur|Essaim de Moucherons|Appel de l'Astico-Roi","Fourchette|Capsule"
potato_718,"Potato #718",21,20,15,10,5,"Appel de l'Astico-Roi|Peau de Cuir",""
potato_719,"Potato #719",26,19,10,12,5,"Appel de l'Astico-Roi|Essaim de Moucherons","Capsule|Cutter"
potato_720,"Potato #720",23,14,16,12,5,"Berzerk|Sprint Final|Appel de l'Astico-Roi|Esprit Saboteur","Capsule|Cutter"
potato_721,"Potato #721",17,5,15,23,5,"Sprint Final","Cure-dent|Cutter|Fourchette"
potato_722,"Potato #722",15,10,22,13,5,"Peau de Cuir|Berzerk|Essaim de Moucherons","Fourchette|Cure-dent"
potato_723,"Potato #723",24,5,18,17,5,"Esprit Saboteur|Appel de l'Astico-Roi","Cutter"
potato_724,"Potato #724",8,24,6,22,5,"Appel de l'Astico-Roi|Berzerk|Contre-attaque","Cutter|Cure-dent"
potato_725,"Potato #725",14,7,19,24,5,"Contre-attaque|Esprit Saboteur|Sprint Final|Essaim de Moucherons",""
potato_726,"Potato #726",22,9,14,22,5,"Esprit Saboteur","Capsule|Cure-dent"
potato_727,"Potato #727",18,21,9,16,5,"","Cure-dent|Cutter"
potato_728,"Potato #728",12,21,18,14,5,"Sprint Final|Coup Critique","Cutter|Fourchette|Capsule"
potato_729,"Potato #729",18,12,18,14,5,"Sprint Final|Contre-attaque|Coup Critique|Appel de l'Astico-Roi",""
potato_730,"Potato #730",25,8,21,8,5,"Sprint Final","Cutter|Cure-dent|Fourchette"
potato_731,"Potato #731",25,19,13,10,5,"Coup Critique","Capsule|Cure-dent"
potato_732,"Potato #732",27,16,11,15,5,"Contre-attaque|Gardien de Racine","Capsule"
potato_733,"Potato #733",19,17,18,12,5,"Appel de l'Astico-Roi|Coup Critique",""
potato_734,"Potato #734",18,15,17,12,5,"Peau de Cuir|Berzerk|Contre-attaque","Fourchette"
potato_735,"Potato #735",9,10,22,19,5,"Esprit Saboteur|Sprint Final|Contre-attaque","Fourchette|Cutter|Cure-dent"
potato_736,"Potato #736",8,9,24,23,5,"Contre-attaque|Berzerk","Cutter"
potato_737,"Potato #737",25,8,13,16,5,"Peau de Cuir|Appel de l'Astico-Roi","Fourchette|Cure-dent"
potato_738,"Potato #738",17,12,11,22,5,"Peau de Cuir|Gardien de Racine|Essaim de Moucherons","Fourchette|Cutter"
potato_739,"Potato #739",11,20,17,16,5,"Peau de Cuir|Appel de l'Astico-Roi","Fourchette"
potato_740,"Potato #740",21,21,13,5,5,"Gardien de Racine|Peau de Cuir|Berzerk","Cutter|Fourchette"
potato_741,"Potato #741",13,11,18,25,5,"Berzerk","Cutter|Capsule|Fourchette"
potato_742,"Potato #742",16,9,18,24,5,"Esprit Saboteur|Berzerk","Capsule|Cure-dent"
potato_743,"Potato #743",26,18,13,7,5,"Gardien de Racine","Fourchette|Cutter"
potato_744,"Potato #744",13,22,10,20,5,"Esprit Saboteur|Coup Critique|Essaim de Moucherons|Sprint Final","Capsule|Fourchette"
potato_745,"Potato #745",22,11,21,8,5,"Gardien de Racine","Fourchette|Cure-dent"
potato_746,"Potato #746",18,18,21,5,5,"Gardien de Racine|Contre-attaque|Esprit Saboteur","Fourchette"
potato_747,"Potato #747",16,16,7,28,5,"Contre-attaque|Esprit Saboteur|Sprint Final|Coup Critique","Capsule"
potato_748,"Potato #748",15,11,17,17,5,"Essaim de Moucherons|Sprint Final|Gardien de Racine|Contre-attaque|Coup Critique",""
potato_749,"Potato #749",27,14,6,13,5,"Contre-attaque|Essaim de Moucherons","Cure-dent|Cutter|Fourchette"
potato_750,"Potato #750",6,14,23,17,5,"Essaim de Moucherons","Fourchette|Cutter|Cure-dent"
potato_751,"Potato #751",15,9,18,23,5,"Berzerk|Contre-attaque|Gardien de Racine","Cutter|Capsule"
potato_752,"Potato #752",17,14,13,18,5,"Essaim de Moucherons|Appel de l'Astico-Roi|Gardien de Racine","Cutter"
potato_753,"Potato #753",13,15,16,18,5,"Appel de l'Astico-Roi|Sprint Final","Cure-dent"
potato_754,"Potato #754",11,20,25,10,5,"Contre-attaque","Cure-dent"
potato_755,"Potato #755",16,17,14,17,5,"Esprit Saboteur","Cutter"
potato_756,"Potato #756",23,6,20,15,5,"Sprint Final|Peau de Cuir","Fourchette"
potato_757,"Potato #757",11,9,23,21,5,"Esprit Saboteur","Fourchette"
potato_758,"Potato #758",19,16,9,18,5,"Peau de Cuir|Berzerk|Coup Critique",""
potato_759,"Potato #759",16,18,14,19,5,"","Cutter|Cure-dent|Capsule"
potato_760,"Potato #760",26,10,16,15,5,"Sprint Final|Berzerk|Essaim de Moucherons","Capsule"
potato_761,"Potato #761",22,15,13,19,5,"Contre-attaque","Capsule"
potato_762,"Potato #762",22,19,13,10,5,"Essaim de Moucherons","Cutter"
potato_763,"Potato #763",11,10,10,31,5,"Essaim de Moucherons|Gardien de Racine","Cutter"
potato_764,"Potato #764",20,10,15,22,5,"Contre-attaque|Coup Critique|Peau de Cuir","Fourchette|Capsule"
potato_765,"Potato #765",24,21,6,14,5,"Essaim de Moucherons|Coup Critique|Gardien de Racine","Capsule|Cutter"
potato_766,"Potato #766",14,14,16,18,5,"Essaim de Moucherons|Appel de l'Astico-Roi|Sprint Final|Contre-attaque|Berzerk",""
potato_767,"Potato #767",12,19,5,31,5,"Appel de l'Astico-Roi|Contre-attaque","Capsule"
potato_768,"Potato #768",23,8,14,21,5,"","Cure-dent"
potato_769,"Potato #769",15,7,20,25,5,"Gardien de Racine|Appel de l'Astico-Roi|Essaim de Moucherons","Capsule"
potato_770,"Potato #770",14,20,21,14,5,"","Capsule|Cutter"
potato_771,"Potato #771",23,12,16,14,5,"Appel de l'Astico-Roi|Peau de Cuir|Sprint Final","Capsule|Cure-dent"
potato_772,"Potato #772",15,15,11,24,5,"Essaim de Moucherons|Coup Critique|Berzerk|Sprint Final","Cutter|Capsule"
potato_773,"Potato #773",17,19,12,16,5,"Essaim de Moucherons|Appel de l'Astico-Roi",""
potato_774,"Potato #774",7,21,12,26,5,"Coup Critique",""
potato_775,"Potato #775",22,21,6,20,5,"Appel de l'Astico-Roi|Essaim de Moucherons","Capsule"
potato_776,"Potato #776",23,14,8,17,5,"Esprit Saboteur|Berzerk","Fourchette|Cutter"
potato_777,"Potato #777",18,13,21,12,5,"Esprit Saboteur|Contre-attaque",""
potato_778,"Potato #778",14,19,11,23,5,"Gardien de Racine|Sprint Final","Capsule"
potato_779,"Potato #779",12,13,22,22,5,"Appel de l'Astico-Roi","Capsule|Cutter"
potato_780,"Potato #780",24,5,32,7,5,"Appel de l'Astico-Roi",""
potato_781,"Potato #781",16,18,11,17,5,"Essaim de Moucherons|Berzerk|Coup Critique","Cutter"
potato_782,"Potato #782",24,21,5,19,5,"Gardien de Racine|Berzerk","Capsule"
potato_783,"Potato #783",14,9,17,20,5,"Gardien de Racine|Coup Critique|Sprint Final","Fourchette|Cure-dent"
potato_784,"Potato #784",14,10,28,10,5,"Peau de Cuir|Appel de l'Astico-Roi|Sprint Final|Gardien de Racine",""
potato_785,"Potato #785",17,15,20,12,5,"Gardien de Racine|Contre-attaque|Appel de l'Astico-Roi",""
potato_786,"Potato #786",16,23,8,20,5,"Esprit Saboteur","Capsule|Fourchette|Cutter"
potato_787,"Potato #787",25,20,14,9,5,"",""
potato_788,"Potato #788",17,20,6,23,5,"Berzerk|Coup Critique",""
potato_789,"Potato #789",23,14,10,17,5,"Coup Critique|Esprit Saboteur|Essaim de Moucherons",""
potato_790,"Potato #790",8,9,24,21,5,"Coup Critique|Sprint Final|Peau de Cuir","Fourchette"
potato_791,"Potato #791",19,18,11,17,5,"Esprit Saboteur|Contre-attaque","Cutter|Capsule|Cure-dent"
potato_792,"Potato #792",19,13,15,17,5,"","Cutter|Cure-dent"
potato_793,"Potato #793",30,9,10,11,5,"Contre-attaque|Esprit Saboteur|Berzerk","Cure-dent|Fourchette"
potato_794,"Potato #794",21,29,9,5,5,"Gardien de Racine|Esprit Saboteur","Cure-dent"
potato_795,"Potato #795",6,26,6,27,5,"Esprit Saboteur|Sprint Final","Cure-dent|Cutter|Capsule|Fourchette"
potato_796,"Potato #796",10,16,16,24,5,"Esprit Saboteur",""
potato_797,"Potato #797",26,14,8,12,5,"Esprit Saboteur|Gardien de Racine|Peau de Cuir|Sprint Final",""
potato_798,"Potato #798",17,10,13,22,5,"Contre-attaque","Cutter|Fourchette"
potato_799,"Potato #799",20,12,13,17,5,"Peau de Cuir|Contre-attaque|Gardien de Racine|Appel de l'Astico-Roi","Cutter"
potato_800,"Potato #800",27,9,20,8,5,"Sprint Final|Gardien de Racine|Contre-attaque",""
potato_801,"Potato #801",8,18,14,22,5,"Gardien de Racine|Essaim de Moucherons|Contre-attaque|Esprit Saboteur","Cure-dent"
potato_802,"Potato #802",9,20,24,13,5,"","Cutter"
potato_803,"Potato #803",27,21,6,13,5,"Gardien de Racine","Cutter|Cure-dent|Capsule"
potato_804,"Potato #804",27,16,13,8,5,"Appel de l'Astico-Roi|Sprint Final",""
potato_805,"Potato #805",13,7,20,20,5,"Peau de Cuir|Coup Critique|Berzerk|Contre-attaque","Cutter"
potato_806,"Potato #806",8,10,26,18,5,"Contre-attaque|Appel de l'Astico-Roi|Coup Critique",""
potato_807,"Potato #807",13,8,18,23,5,"Sprint Final|Gardien de Racine","Cutter"
potato_808,"Potato #808",20,15,11,19,5,"Coup Critique|Sprint Final|Appel de l'Astico-Roi|Essaim de Moucherons","Capsule"
potato_809,"Potato #809",15,20,18,11,5,"Gardien de Racine|Contre-attaque|Peau de Cuir",""
potato_810,"Potato #810",19,17,17,11,5,"Sprint Final|Coup Critique|Contre-attaque","Cure-dent"
potato_811,"Potato #811",12,11,11,26,5,"Esprit Saboteur|Sprint Final|Berzerk","Fourchette"
potato_812,"Potato #812",25,22,7,8,5,"Coup Critique|Berzerk","Cutter"
potato_813,"Potato #813",20,21,6,15,5,"Gardien de Racine|Esprit Saboteur","Fourchette"
potato_814,"Potato #814",19,19,12,15,5,"Contre-attaque|Essaim de Moucherons|Coup Critique","Capsule"
potato_815,"Potato #815",34,10,5,15,5,"Appel de l'Astico-Roi|Coup Critique","Fourchette"
potato_816,"Potato #816",14,13,25,17,5,"Essaim de Moucherons","Capsule"
potato_817,"Potato #817",18,16,19,9,5,"Berzerk|Sprint Final|Coup Critique|Gardien de Racine|Contre-attaque|Esprit Saboteur",""
potato_818,"Potato #818",15,8,28,9,5,"Sprint Final|Appel de l'Astico-Roi|Contre-attaque","Cure-dent|Fourchette"
potato_819,"Potato #819",17,7,17,26,5,"Sprint Final|Contre-attaque","Capsule|Cutter"
potato_820,"Potato #820",21,23,6,12,5,"","Cutter|Cure-dent|Fourchette"
potato_821,"Potato #821",17,14,17,14,5,"Essaim de Moucherons|Appel de l'Astico-Roi","Cure-dent"
potato_822,"Potato #822",19,13,10,27,5,"Esprit Saboteur","Capsule|Cutter"
potato_823,"Potato #823",12,6,7,44,5,"Sprint Final","Capsule"
potato_824,"Potato #824",15,14,8,23,5,"Coup Critique|Appel de l'Astico-Roi|Peau de Cuir","Cutter|Cure-dent|Fourchette"
potato_825,"Potato #825",19,16,15,17,5,"Essaim de Moucherons|Sprint Final","Fourchette|Capsule"
potato_826,"Potato #826",17,17,14,12,5,"Sprint Final|Gardien de Racine|Berzerk|Contre-attaque","Cutter"
potato_827,"Potato #827",17,17,18,15,5,"Esprit Saboteur|Coup Critique","Cure-dent|Capsule"
potato_828,"Potato #828",10,22,14,19,5,"Berzerk|Esprit Saboteur|Peau de Cuir|Appel de l'Astico-Roi","Capsule|Fourchette"
potato_829,"Potato #829",20,20,15,9,5,"Essaim de Moucherons|Sprint Final","Fourchette"
potato_830,"Potato #830",16,5,15,28,5,"Esprit Saboteur","Cutter|Cure-dent"
potato_831,"Potato #831",18,17,12,13,5,"Gardien de Racine|Contre-attaque|Essaim de Moucherons|Coup Critique|Peau de Cuir","Cutter"
potato_832,"Potato #832",20,9,18,15,5,"Appel de l'Astico-Roi|Contre-attaque|Berzerk|Coup Critique|Esprit Saboteur",""
potato_833,"Potato #833",24,6,23,9,5,"Gardien de Racine|Berzerk","Fourchette|Cutter"
potato_834,"Potato #834",18,11,18,17,5,"Sprint Final|Esprit Saboteur|Coup Critique|Gardien de Racine|Appel de l'Astico-Roi",""
potato_835,"Potato #835",22,12,8,20,5,"Coup Critique|Gardien de Racine","Cure-dent"
potato_836,"Potato #836",15,16,17,16,5,"Gardien de Racine|Peau de Cuir|Berzerk|Coup Critique",""
potato_837,"Potato #837",23,10,20,7,5,"Contre-attaque|Gardien de Racine|Appel de l'Astico-Roi","Cutter|Fourchette"
potato_838,"Potato #838",22,17,8,20,5,"Gardien de Racine|Peau de Cuir|Appel de l'Astico-Roi","Capsule"
potato_839,"Potato #839",23,19,9,18,5,"Gardien de Racine","Capsule"
potato_840,"Potato #840",9,13,19,24,5,"Contre-attaque|Sprint Final|Berzerk","Cutter|Capsule|Fourchette"
potato_841,"Potato #841",17,12,16,17,5,"Appel de l'Astico-Roi|Coup Critique","Fourchette"
potato_842,"Potato #842",16,17,8,24,5,"Appel de l'Astico-Roi|Contre-attaque|Peau de Cuir|Esprit Saboteur","Fourchette|Capsule"
potato_843,"Potato #843",17,19,15,11,5,"Contre-attaque|Sprint Final","Cure-dent|Fourchette"
potato_844,"Potato #844",17,11,17,21,5,"Berzerk|Coup Critique",""
potato_845,"Potato #845",11,19,16,20,5,"Contre-attaque|Essaim de Moucherons",""
potato_846,"Potato #846",8,19,16,24,5,"Coup Critique|Appel de l'Astico-Roi","Capsule|Fourchette"
potato_847,"Potato #847",14,20,19,13,5,"","Cutter"
potato_848,"Potato #848",16,7,22,19,5,"","Cure-dent|Cutter"
potato_849,"Potato #849",12,21,15,17,5,"Esprit Saboteur|Berzerk","Cutter|Capsule|Fourchette"
potato_850,"Potato #850",19,7,13,28,5,"Esprit Saboteur|Peau de Cuir|Essaim de Moucherons","Cutter|Capsule"
potato_851,"Potato #851",24,9,21,8,5,"","Fourchette|Cure-dent|Cutter"
potato_852,"Potato #852",20,12,12,18,5,"Essaim de Moucherons|Esprit Saboteur|Appel de l'Astico-Roi|Sprint Final|Berzerk",""
potato_853,"Potato #853",32,5,19,11,5,"Esprit Saboteur|Peau de Cuir","Fourchette|Capsule|Cure-dent"
potato_854,"Potato #854",23,16,8,17,5,"Berzerk|Appel de l'Astico-Roi",""
potato_855,"Potato #855",18,9,14,26,5,"Gardien de Racine|Berzerk|Esprit Saboteur|Sprint Final","Capsule"
potato_856,"Potato #856",16,6,20,18,5,"Contre-attaque|Sprint Final|Essaim de Moucherons|Coup Critique","Cutter"
potato_857,"Potato #857",19,13,12,27,5,"","Capsule"
potato_858,"Potato #858",17,13,14,16,5,"Contre-attaque","Fourchette|Cutter|Cure-dent"
potato_859,"Potato #859",20,14,20,12,5,"Essaim de Moucherons|Contre-attaque",""
potato_860,"Potato #860",15,12,17,16,5,"Berzerk|Appel de l'Astico-Roi|Peau de Cuir|Coup Critique","Cutter"
potato_861,"Potato #861",12,20,15,19,5,"Berzerk","Cutter"
potato_862,"Potato #862",16,8,21,19,5,"Sprint Final|Gardien de Racine|Appel de l'Astico-Roi",""
potato_863,"Potato #863",17,24,10,15,5,"Berzerk",""
potato_864,"Potato #864",12,28,9,13,5,"Gardien de Racine","Cutter|Fourchette"
potato_865,"Potato #865",16,20,16,16,5,"",""
potato_866,"Potato #866",24,18,7,15,5,"Coup Critique|Peau de Cuir|Appel de l'Astico-Roi",""
potato_867,"Potato #867",14,6,18,24,5,"Berzerk|Peau de Cuir|Essaim de Moucherons|Gardien de Racine","Cutter"
potato_868,"Potato #868",24,16,8,17,5,"Contre-attaque|Berzerk","Capsule|Cutter"
potato_869,"Potato #869",19,18,10,15,5,"Esprit Saboteur|Contre-attaque","Cutter|Cure-dent"
potato_870,"Potato #870",18,19,7,22,5,"","Fourchette"
potato_871,"Potato #871",9,9,21,26,5,"Gardien de Racine|Essaim de Moucherons","Fourchette|Capsule"
potato_872,"Potato #872",8,12,15,25,5,"Essaim de Moucherons|Appel de l'Astico-Roi|Gardien de Racine|Coup Critique|Peau de Cuir","Fourchette|Cure-dent"
potato_873,"Potato #873",21,8,16,17,5,"Gardien de Racine|Essaim de Moucherons|Appel de l'Astico-Roi|Coup Critique|Sprint Final",""
potato_874,"Potato #874",16,15,15,18,5,"Essaim de Moucherons|Appel de l'Astico-Roi|Contre-attaque",""
potato_875,"Potato #875",21,10,12,19,5,"Essaim de Moucherons","Cure-dent|Fourchette"
potato_876,"Potato #876",18,17,23,6,5,"Coup Critique","Cutter|Cure-dent"
potato_877,"Potato #877",22,24,14,8,5,"Appel de l'Astico-Roi",""
potato_878,"Potato #878",11,22,11,20,5,"Peau de Cuir|Gardien de Racine","Cure-dent"
potato_879,"Potato #879",13,26,9,16,5,"Gardien de Racine|Berzerk","Cutter"
potato_880,"Potato #880",25,12,12,18,5,"Peau de Cuir|Essaim de Moucherons|Appel de l'Astico-Roi|Berzerk","Capsule"
potato_881,"Potato #881",16,20,11,15,5,"Appel de l'Astico-Roi|Esprit Saboteur|Gardien de Racine|Sprint Final|Berzerk|Contre-attaque",""
potato_882,"Potato #882",12,22,10,16,5,"Peau de Cuir|Essaim de Moucherons|Coup Critique|Sprint Final","Fourchette"
potato_883,"Potato #883",11,16,22,18,5,"Coup Critique","Fourchette|Capsule"
potato_884,"Potato #884",11,17,21,11,5,"Essaim de Moucherons|Appel de l'Astico-Roi|Berzerk|Esprit Saboteur",""
potato_885,"Potato #885",15,11,16,25,5,"Peau de Cuir|Appel de l'Astico-Roi|Gardien de Racine","Capsule"
potato_886,"Potato #886",16,12,16,20,5,"Berzerk|Peau de Cuir",""
potato_887,"Potato #887",20,12,23,9,5,"Gardien de Racine|Essaim de Moucherons",""
potato_888,"Potato #888",22,11,15,16,5,"Gardien de Racine","Fourchette"
potato_889,"Potato #889",20,14,16,14,5,"","Fourchette|Cure-dent"
potato_890,"Potato #890",23,9,24,6,5,"Esprit Saboteur","Fourchette|Cutter"
potato_891,"Potato #891",23,10,16,13,5,"Berzerk|Sprint Final","Cure-dent|Fourchette"
potato_892,"Potato #892",7,14,19,29,5,"Gardien de Racine","Capsule"
potato_893,"Potato #893",18,12,12,18,5,"Esprit Saboteur|Sprint Final|Berzerk|Essaim de Moucherons|Gardien de Racine",""
potato_894,"Potato #894",13,14,15,22,5,"Berzerk|Contre-attaque","Cure-dent"
potato_895,"Potato #895",9,16,24,13,5,"Berzerk|Appel de l'Astico-Roi|Esprit Saboteur",""
potato_896,"Potato #896",19,11,23,14,5,"Gardien de Racine|Berzerk","Capsule|Cutter"
potato_897,"Potato #897",22,10,19,9,5,"Coup Critique|Contre-attaque","Fourchette|Cutter|Cure-dent"
potato_898,"Potato #898",27,13,15,7,5,"Contre-attaque|Appel de l'Astico-Roi|Coup Critique","Fourchette"
potato_899,"Potato #899",15,9,21,19,5,"Sprint Final|Essaim de Moucherons","Cure-dent|Cutter"
potato_900,"Potato #900",21,10,12,23,5,"Gardien de Racine","Cure-dent"
potato_901,"Potato #901",7,19,16,27,5,"Berzerk|Coup Critique","Capsule"
potato_902,"Potato #902",19,16,11,21,5,"Contre-attaque","Capsule|Cure-dent"
potato_903,"Potato #903",14,25,10,18,5,"Berzerk","Capsule|Cure-dent|Fourchette"
potato_904,"Potato #904",15,10,20,22,5,"Sprint Final|Peau de Cuir|Berzerk","Capsule"
potato_905,"Potato #905",22,8,9,23,5,"Gardien de Racine|Coup Critique","Cure-dent"
potato_906,"Potato #906",16,14,19,18,5,"Peau de Cuir|Gardien de Racine|Sprint Final","Cure-dent|Capsule"
potato_907,"Potato #907",20,20,12,14,5,"Appel de l'Astico-Roi",""
potato_908,"Potato #908",10,26,18,11,5,"Peau de Cuir|Appel de l'Astico-Roi","Capsule|Cutter"
potato_909,"Potato #909",23,8,9,22,5,"Esprit Saboteur","Cure-dent|Cutter"
potato_910,"Potato #910",16,16,16,23,5,"","Capsule"
potato_911,"Potato #911",17,19,10,14,5,"Coup Critique|Esprit Saboteur|Contre-attaque|Essaim de Moucherons|Gardien de Racine","Cutter"
potato_912,"Potato #912",18,16,14,16,5,"Contre-attaque","Cure-dent"
potato_913,"Potato #913",20,27,9,13,5,"Esprit Saboteur","Cure-dent|Capsule"
potato_914,"Potato #914",19,10,15,20,5,"Gardien de Racine|Peau de Cuir|Contre-attaque","Cutter"
potato_915,"Potato #915",20,16,19,7,5,"Contre-attaque|Appel de l'Astico-Roi|Esprit Saboteur|Gardien de Racine","Cutter"
potato_916,"Potato #916",23,8,9,29,5,"Peau de Cuir","Capsule"
potato_917,"Potato #917",9,18,9,29,5,"Peau de Cuir|Berzerk|Contre-attaque|Coup Critique","Capsule|Fourchette"
potato_918,"Potato #918",8,18,20,18,5,"Contre-attaque|Appel de l'Astico-Roi|Peau de Cuir",""
potato_919,"Potato #919",18,6,24,14,5,"Appel de l'Astico-Roi|Sprint Final|Peau de Cuir",""
potato_920,"Potato #920",25,19,12,10,5,"","Cutter"
potato_921,"Potato #921",20,14,16,15,5,"Sprint Final|Appel de l'Astico-Roi","Capsule|Cutter"
potato_922,"Potato #922",25,12,10,15,5,"","Fourchette|Cutter|Cure-dent"
potato_923,"Potato #923",14,13,17,23,5,"Essaim de Moucherons|Berzerk|Gardien de Racine","Capsule"
potato_924,"Potato #924",10,17,19,19,5,"Appel de l'Astico-Roi","Capsule|Cure-dent|Cutter|Fourchette"
potato_925,"Potato #925",17,27,5,13,5,"Appel de l'Astico-Roi|Esprit Saboteur|Gardien de Racine|Essaim de Moucherons","Cure-dent"
potato_926,"Potato #926",18,12,21,13,5,"Gardien de Racine","Cutter"
potato_927,"Potato #927",17,19,10,21,5,"Sprint Final|Contre-attaque","Cure-dent|Capsule"
potato_928,"Potato #928",21,16,13,16,5,"Esprit Saboteur|Peau de Cuir","Cutter"
potato_929,"Potato #929",35,14,9,11,5,"Sprint Final","Capsule"
potato_930,"Potato #930",10,24,15,17,5,"Peau de Cuir",""
potato_931,"Potato #931",14,18,23,12,5,"Berzerk|Gardien de Racine","Cutter|Capsule"
potato_932,"Potato #932",11,24,8,19,5,"Berzerk|Esprit Saboteur|Contre-attaque|Peau de Cuir","Cure-dent"
potato_933,"Potato #933",22,12,18,17,5,"Peau de Cuir","Capsule|Cutter"
potato_934,"Potato #934",11,23,10,18,5,"Berzerk|Sprint Final","Fourchette|Cure-dent"
potato_935,"Potato #935",19,14,22,7,5,"Contre-attaque|Coup Critique|Esprit Saboteur","Cutter"
potato_936,"Potato #936",18,19,16,14,5,"Esprit Saboteur|Appel de l'Astico-Roi","Fourchette|Capsule"
potato_937,"Potato #937",17,17,17,16,5,"Appel de l'Astico-Roi|Sprint Final","Cutter|Capsule"
potato_938,"Potato #938",8,19,13,27,5,"Coup Critique|Berzerk","Cutter|Capsule"
potato_939,"Potato #939",16,15,18,15,5,"Peau de Cuir|Contre-attaque|Coup Critique","Cure-dent"
potato_940,"Potato #940",25,17,6,14,5,"Contre-attaque|Berzerk|Sprint Final","Fourchette"
potato_941,"Potato #941",7,31,6,18,5,"Essaim de Moucherons|Gardien de Racine|Sprint Final|Berzerk",""
potato_942,"Potato #942",15,18,20,11,5,"Coup Critique|Esprit Saboteur",""
potato_943,"Potato #943",16,8,20,18,5,"Peau de Cuir|Berzerk","Cure-dent|Fourchette"
potato_944,"Potato #944",19,8,16,23,5,"Appel de l'Astico-Roi|Esprit Saboteur",""
potato_945,"Potato #945",23,12,21,11,5,"Esprit Saboteur|Sprint Final|Gardien de Racine|Coup Critique","Capsule"
potato_946,"Potato #946",12,21,5,29,5,"Sprint Final|Peau de Cuir","Capsule"
potato_947,"Potato #947",25,5,9,21,5,"Essaim de Moucherons|Coup Critique|Gardien de Racine|Berzerk|Contre-attaque|Appel de l'Astico-Roi",""
potato_948,"Potato #948",7,29,17,14,5,"Appel de l'Astico-Roi|Peau de Cuir","Fourchette|Capsule|Cure-dent"
potato_949,"Potato #949",7,13,32,12,5,"Appel de l'Astico-Roi|Berzerk","Cutter"
potato_950,"Potato #950",23,12,13,17,5,"Contre-attaque|Coup Critique","Cutter|Capsule|Cure-dent"
potato_951,"Potato #951",17,24,10,16,5,"Sprint Final|Peau de Cuir|Contre-attaque","Capsule|Cutter"
potato_952,"Potato #952",15,16,13,23,5,"Sprint Final|Esprit Saboteur|Coup Critique|Berzerk","Capsule|Fourchette"
potato_953,"Potato #953",20,14,13,22,5,"Peau de Cuir","Fourchette|Capsule"
potato_954,"Potato #954",15,21,5,24,5,"Sprint Final|Peau de Cuir|Esprit Saboteur","Capsule|Fourchette"
potato_955,"Potato #955",23,8,13,23,5,"Esprit Saboteur","Fourchette|Capsule"
potato_956,"Potato #956",23,10,24,9,5,"","Fourchette"
potato_957,"Potato #957",8,5,24,28,5,"Essaim de Moucherons|Appel de l'Astico-Roi","Capsule|Cutter"
potato_958,"Potato #958",15,12,23,14,5,"Peau de Cuir|Contre-attaque","Cutter"
potato_959,"Potato #959",18,16,7,23,5,"Essaim de Moucherons|Appel de l'Astico-Roi|Esprit Saboteur",""
potato_960,"Potato #960",14,13,23,19,5,"Coup Critique|Peau de Cuir","Capsule"
potato_961,"Potato #961",28,14,5,13,5,"Esprit Saboteur|Coup Critique|Essaim de Moucherons|Contre-attaque","Cure-dent"
potato_962,"Potato #962",8,23,15,16,5,"Sprint Final|Gardien de Racine|Coup Critique","Cutter"
potato_963,"Potato #963",21,23,6,15,5,"Appel de l'Astico-Roi","Cure-dent|Fourchette|Cutter|Capsule"
potato_964,"Potato #964",13,16,21,12,5,"Gardien de Racine|Peau de Cuir","Fourchette|Cutter"
potato_965,"Potato #965",8,19,22,16,5,"Berzerk|Coup Critique|Contre-attaque","Capsule|Cure-dent|Cutter"
potato_966,"Potato #966",14,15,13,20,5,"Peau de Cuir|Esprit Saboteur|Coup Critique","Fourchette"
potato_967,"Potato #967",24,25,6,7,5,"Esprit Saboteur|Contre-attaque|Peau de Cuir","Cutter"
potato_968,"Potato #968",12,6,29,17,5,"Gardien de Racine|Appel de l'Astico-Roi","Cutter"
potato_969,"Potato #969",12,16,14,22,5,"","Cutter|Fourchette"
potato_970,"Potato #970",17,15,17,15,5,"","Fourchette|Cutter"
potato_971,"Potato #971",15,25,11,16,5,"Berzerk|Contre-attaque|Coup Critique","Cutter|Capsule"
potato_972,"Potato #972",6,9,19,28,5,"Gardien de Racine|Coup Critique|Esprit Saboteur","Cure-dent"
potato_973,"Potato #973",29,6,17,8,5,"Gardien de Racine|Appel de l'Astico-Roi|Peau de Cuir|Coup Critique|Contre-attaque","Cure-dent"
potato_974,"Potato #974",22,11,19,15,5,"Sprint Final","Cure-dent|Fourchette|Capsule"
potato_975,"Potato #975",14,20,11,19,5,"Berzerk|Sprint Final|Essaim de Moucherons|Gardien de Racine","Cutter"
potato_976,"Potato #976",12,17,17,21,5,"Appel de l'Astico-Roi|Contre-attaque","Capsule|Cure-dent"
potato_977,"Potato #977",21,8,15,18,5,"Gardien de Racine|Essaim de Moucherons|Esprit Saboteur","Cure-dent"
potato_978,"Potato #978",11,19,27,10,5,"","Fourchette|Cure-dent|Capsule"
potato_979,"Potato #979",23,15,12,12,5,"Essaim de Moucherons|Coup Critique","Fourchette"
potato_980,"Potato #980",12,5,12,36,5,"Contre-attaque","Fourchette|Cure-dent|Capsule"
potato_981,"Potato #981",23,22,6,13,5,"Sprint Final|Essaim de Moucherons","Cure-dent"
potato_982,"Potato #982",21,11,12,20,5,"Sprint Final|Essaim de Moucherons","Fourchette"
potato_983,"Potato #983",13,9,19,24,5,"Contre-attaque|Peau de Cuir","Capsule|Cure-dent|Cutter"
potato_984,"Potato #984",18,11,12,23,5,"Esprit Saboteur|Berzerk","Cure-dent"
potato_985,"Potato #985",19,5,21,22,5,"Sprint Final|Berzerk","Capsule"
potato_986,"Potato #986",14,17,11,18,5,"Berzerk|Essaim de Moucherons","Fourchette|Cure-dent"
potato_987,"Potato #987",18,11,13,27,5,"Berzerk","Capsule"
potato_988,"Potato #988",16,11,18,19,5,"Berzerk|Essaim de Moucherons|Appel de l'Astico-Roi",""
potato_989,"Potato #989",9,29,21,10,5,"Esprit Saboteur|Appel de l'Astico-Roi","Capsule|Fourchette"
potato_990,"Potato #990",18,13,15,20,5,"Coup Critique|Esprit Saboteur",""
potato_991,"Potato #991",15,15,10,24,5,"Contre-attaque|Essaim de Moucherons","Cutter"
potato_992,"Potato #992",22,13,19,10,5,"Peau de Cuir|Esprit Saboteur|Coup Critique","Cutter"
potato_993,"Potato #993",19,19,20,6,5,"Sprint Final","Cure-dent|Cutter"
potato_994,"Potato #994",17,6,22,17,5,"Esprit Saboteur","Cure-dent|Cutter|Fourchette"
potato_995,"Potato #995",26,16,6,14,5,"Gardien de Racine|Esprit Saboteur|Appel de l'Astico-Roi",""
potato_996,"Potato #996",25,17,8,17,5,"Appel de l'Astico-Roi|Sprint Final|Coup Critique","Capsule"
potato_997,"Potato #997",19,14,16,15,5,"Coup Critique|Sprint Final|Peau de Cuir",""
potato_998,"Potato #998",11,15,15,21,5,"Essaim de Moucherons|Esprit Saboteur","Cure-dent|Fourchette|Cutter"
potato_999,"Potato #999",15,13,10,26,5,"","Cure-dent|Cutter"
